#
# There is insufficient memory for the Java Runtime Environment to continue.
# Native memory allocation (malloc) failed to allocate 731856 bytes. Error detail: Chunk::new
# Possible reasons:
#   The system is out of physical RAM or swap space
#   This process is running with CompressedOops enabled, and the Java Heap may be blocking the growth of the native heap
# Possible solutions:
#   Reduce memory load on the system
#   Increase physical memory or swap space
#   Check if swap backing store is full
#   Decrease Java heap size (-Xmx/-Xms)
#   Decrease number of Java threads
#   Decrease Java thread stack sizes (-Xss)
#   Set larger code cache with -XX:ReservedCodeCacheSize=
#   JVM is running with Zero Based Compressed Oops mode in which the Java heap is
#     placed in the first 32GB address space. The Java Heap base address is the
#     maximum limit for the native heap growth. Please use -XX:HeapBaseMinAddress
#     to set the Java Heap base and to place the Java Heap above 32GB virtual address.
# This output file may be truncated or incomplete.
#
#  Out of Memory Error (arena.cpp:191), pid=14264, tid=7836
#
# JRE version: OpenJDK Runtime Environment Temurin-17.0.17+10 (17.0.17+10) (build 17.0.17+10)
# Java VM: OpenJDK 64-Bit Server VM Temurin-17.0.17+10 (17.0.17+10, mixed mode, sharing, tiered, compressed oops, compressed class ptrs, g1 gc, windows-amd64)
# No core dump will be written. Minidumps are not enabled by default on client versions of Windows
#

---------------  S U M M A R Y ------------

Command Line: -XX:MaxMetaspaceSize=1024m --add-opens=java.base/java.util=ALL-UNNAMED --add-opens=java.base/java.lang=ALL-UNNAMED --add-opens=java.base/java.lang.invoke=ALL-UNNAMED --add-opens=java.prefs/java.util.prefs=ALL-UNNAMED --add-exports=jdk.compiler/com.sun.tools.javac.api=ALL-UNNAMED --add-exports=jdk.compiler/com.sun.tools.javac.util=ALL-UNNAMED --add-opens=java.base/java.nio.charset=ALL-UNNAMED --add-opens=java.base/java.net=ALL-UNNAMED --add-opens=java.base/java.util.concurrent.atomic=ALL-UNNAMED -Xmx4096m -Dfile.encoding=windows-1252 -Duser.country=IN -Duser.language=en -Duser.variant -javaagent:C:\Users\anand\.gradle\wrapper\dists\gradle-8.10.2-all\7iv73wktx1xtkvlq19urqw1wm\gradle-8.10.2\lib\agents\gradle-instrumentation-agent-8.10.2.jar org.gradle.launcher.daemon.bootstrap.GradleDaemon 8.10.2

Host: AMD Ryzen 7 6800H with Radeon Graphics         , 16 cores, 13G,  Windows 11 , 64 bit Build 26100 (10.0.26100.7920)
Time: Mon Mar 16 02:17:36 2026 India Standard Time elapsed time: 3409.826074 seconds (0d 0h 56m 49s)

---------------  T H R E A D  ---------------

Current thread (0x00000219487aa450):  JavaThread "C2 CompilerThread0" daemon [_thread_in_native, id=7836, stack(0x0000003bc5b00000,0x0000003bc5c00000)]


Current CompileTask:
C2:3409936 62053   !   4       org.jetbrains.kotlin.metadata.ProtoBuf$Function::<init> (1410 bytes)

Stack: [0x0000003bc5b00000,0x0000003bc5c00000]
Native frames: (J=compiled Java code, j=interpreted, Vv=VM code, C=native code)
V  [jvm.dll+0x683fb9]
V  [jvm.dll+0x83a1b5]
V  [jvm.dll+0x83bc2e]
V  [jvm.dll+0x83c2b3]
V  [jvm.dll+0x248eff]
V  [jvm.dll+0xad496]
V  [jvm.dll+0xadb3c]
V  [jvm.dll+0x3689ef]
V  [jvm.dll+0x1bc051]
V  [jvm.dll+0x219f10]
V  [jvm.dll+0x219200]
V  [jvm.dll+0x1a4920]
V  [jvm.dll+0x22989a]
V  [jvm.dll+0x227a4b]
V  [jvm.dll+0x7effb8]
V  [jvm.dll+0x7ea44c]
V  [jvm.dll+0x682e87]
C  [ucrtbase.dll+0x37b0]
C  [KERNEL32.DLL+0x2e8d7]
C  [ntdll.dll+0x8c48c]


---------------  P R O C E S S  ---------------

Threads class SMR info:
_java_thread_list=0x000002191fbe7f20, length=285, elements={
0x0000021924bae100, 0x00000219487881d0, 0x0000021948788ba0, 0x00000219487a3dd0,
0x00000219487a46a0, 0x00000219487a4f70, 0x00000219487a9850, 0x00000219487aa450,
0x00000219487b0320, 0x00000219487b0c30, 0x00000219488fd560, 0x0000021948a25cd0,
0x0000021904b41130, 0x000002197e99b570, 0x0000021904db8890, 0x00000219049ba7d0,
0x00000219049bbc10, 0x00000219049bace0, 0x00000219049b9db0, 0x00000219049bb700,
0x000002190646f870, 0x00000219064720f0, 0x00000219082c59c0, 0x000002197ef0ca20,
0x000002197ef101d0, 0x000002197ef0cf30, 0x000002197ef12f60, 0x000002197ef12a50,
0x00000219488f3120, 0x00000219488f3b40, 0x00000219488f08a0, 0x00000219488f0db0,
0x00000219074a6060, 0x00000219074a6570, 0x00000219074a6a80, 0x00000219074a74a0,
0x00000219074a79b0, 0x00000219074a4200, 0x0000021912fe24b0, 0x000002191665fb40,
0x000002190f54eee0, 0x000002190f54d590, 0x000002190fc421d0, 0x000002190fc412a0,
0x000002190fc417b0, 0x000002190fc42bf0, 0x000002190fc41cc0, 0x000002190fc426e0,
0x0000021914d94a20, 0x0000021915a493c0, 0x0000021915a498d0, 0x0000021915a49de0,
0x0000021915a46b40, 0x0000021915a4a2f0, 0x0000021915a47050, 0x0000021915a47560,
0x0000021915a47a70, 0x0000021915a47f80, 0x0000021915a48490, 0x0000021915a489a0,
0x0000021906a93720, 0x0000021906a93c30, 0x0000021906a94140, 0x0000021906a95a90,
0x0000021906a95580, 0x0000021906a94650, 0x0000021906a94b60, 0x0000021906a95fa0,
0x0000021906a927f0, 0x0000021906a92d00, 0x0000021906a93210, 0x000002190ff854b0,
0x000002190ff85ed0, 0x000002190ff868f0, 0x000002190ff859c0, 0x000002190ff86e00,
0x000002190ff84a90, 0x000002190ff87310, 0x000002190ff87820, 0x000002190ff863e0,
0x000002190ff84070, 0x000002190ff84580, 0x000002198db27ca0, 0x000002198db27790,
0x000002198db27280, 0x000002198db244f0, 0x000002198db24a00, 0x0000021914c07050,
0x0000021914c03db0, 0x0000021914c07a70, 0x0000021914c07f80, 0x0000021914c05c10,
0x00000219092cf600, 0x0000021914c047d0, 0x0000021914c06120, 0x000002191665f120,
0x000002191665f630, 0x00000219138bdc20, 0x00000219138bbdc0, 0x00000219138be130,
0x00000219138bccf0, 0x00000219138bd200, 0x00000219138bd710, 0x00000219138c0380,
0x00000219138c0890, 0x00000219138c0da0, 0x00000219138c12b0, 0x00000219138c17c0,
0x00000219138bfe70, 0x000002190631c5b0, 0x000002190631cac0, 0x000002190631cfd0,
0x000002190631a750, 0x000002190631c0a0, 0x000002190631ac60, 0x00000219134402d0,
0x000002197f2b0940, 0x000002197f2b0e50, 0x000002197f2b27a0, 0x000002197f2b36d0,
0x000002197f2b0430, 0x000002197f2b1870, 0x000002197f2b1360, 0x000002197f2b2290,
0x000002197f2b2cb0, 0x000002197f2b31c0, 0x000002197f2aff20, 0x00000219487fd3a0,
0x00000219487fd8b0, 0x00000219487fddc0, 0x00000219487fc980, 0x00000219487fce90,
0x000002198db26350, 0x000002198db25e40, 0x000002198db26860, 0x000002198db24f10,
0x0000021914bbbcb0, 0x0000021914bb8f20, 0x0000021914bb9430, 0x0000021914bb9940,
0x0000021914bb9e50, 0x0000021914bbb7a0, 0x0000021914bba360, 0x0000021914bbc1c0,
0x0000021914bb8a10, 0x0000021914bba870, 0x0000021914bbad80, 0x0000021914bbb290,
0x000002198db26d70, 0x000002197f222670, 0x000002197f222160, 0x000002197f21f8e0,
0x000002197f221230, 0x0000021914d935e0, 0x0000021914d93af0, 0x0000021914d96370,
0x0000021914d92bc0, 0x0000021914d930d0, 0x0000021914d94000, 0x0000021914d94510,
0x0000021914d94f30, 0x0000021914d95440, 0x0000021914d95950, 0x0000021914d95e60,
0x000002197f0bab40, 0x000002197f0b9700, 0x000002197f0b9c10, 0x000002197f0bb050,
0x000002197f0ba120, 0x000002197f0bb560, 0x000002197f21f3d0, 0x000002197f21eec0,
0x000002197f21fdf0, 0x000002197f220810, 0x000002197f221740, 0x000002197f221c50,
0x000002197f220300, 0x000002197f220d20, 0x000002191742c3e0, 0x000002191742a580,
0x000002191742afa0, 0x000002191742aa90, 0x000002191742bed0, 0x000002191742d820,
0x000002191742a070, 0x000002191742b4b0, 0x00000219092d2540, 0x0000021906d6fc00,
0x0000021910fe0620, 0x0000021910fe1f70, 0x0000021906d70b30, 0x0000021906d71550,
0x0000021906d70110, 0x0000021906d71f70, 0x0000021906d70620, 0x0000021906d6f6f0,
0x0000021906d71040, 0x0000021906d71a60, 0x0000021910fe38c0, 0x0000021914c08490,
0x000002190f54e4c0, 0x0000021914c06630, 0x0000021916b05d90, 0x0000021914c089a0,
0x0000021916b05880, 0x0000021914c08eb0, 0x0000021916b08100, 0x0000021914c05700,
0x0000021916b07bf0, 0x0000021914c0cb70, 0x0000021916b09030, 0x0000021914c093c0,
0x0000021916b08610, 0x0000021916b08b20, 0x000002197f0bba70, 0x000002197f0b82c0,
0x0000021906d6e7c0, 0x0000021906d6ecd0, 0x0000021906d6f1e0, 0x00000219110d85b0,
0x00000219110db340, 0x00000219110d9f00, 0x00000219110d8ac0, 0x00000219110d80a0,
0x00000219127978b0, 0x00000219127973a0, 0x0000021912797dc0, 0x0000021908ebee60,
0x0000021908ebe440, 0x0000021908ebd000, 0x0000021908ebd510, 0x0000021908ebe950,
0x0000021908ebf880, 0x0000021908ebda20, 0x0000021908ebdf30, 0x00000219092cebe0,
0x0000021916b062a0, 0x0000021914c0d080, 0x0000021912e29c60, 0x0000021910fe2990,
0x0000021912e264b0, 0x000002197f0b91f0, 0x00000219092cfb10, 0x000002190a2c6a70,
0x000002192078f450, 0x0000021908ebcaf0, 0x0000021914c09de0, 0x0000021914c0a800,
0x0000021906762d90, 0x00000219067632a0, 0x000002190a2c5b40, 0x000002190a2c92f0,
0x000002190a2c6f80, 0x000002190a2c6560, 0x000002190a2c6050, 0x000002190a2c79a0,
0x000002190a2c83c0, 0x000002190a2c7eb0, 0x0000021912fe1580, 0x0000021912fe1a90,
0x0000021916276ff0, 0x00000219162765d0, 0x0000021916277a10, 0x0000021917957ef0,
0x0000021917956fc0, 0x0000021917958400, 0x0000021916b071d0, 0x000002190789cb00,
0x000002190789c5f0, 0x0000021909222970, 0x0000021914c0ad10, 0x0000021912500a20,
0x000002192078fe70, 0x0000021920790380, 0x0000021906b2c690, 0x0000021910fe2480,
0x000002198ddae090, 0x000002198ddae5a0, 0x000002198dc22ff0, 0x000002198dc216a0,
0x000002190789bbd0, 0x0000021907899d70, 0x000002190fe95b80, 0x000002190fe94c50,
0x0000021912e29750
}

Java Threads: ( => current thread )
  0x0000021924bae100 JavaThread "main" [_thread_blocked, id=16324, stack(0x0000003bc4e00000,0x0000003bc4f00000)]
  0x00000219487881d0 JavaThread "Reference Handler" daemon [_thread_blocked, id=18708, stack(0x0000003bc5500000,0x0000003bc5600000)]
  0x0000021948788ba0 JavaThread "Finalizer" daemon [_thread_blocked, id=31996, stack(0x0000003bc5600000,0x0000003bc5700000)]
  0x00000219487a3dd0 JavaThread "Signal Dispatcher" daemon [_thread_blocked, id=16196, stack(0x0000003bc5700000,0x0000003bc5800000)]
  0x00000219487a46a0 JavaThread "Attach Listener" daemon [_thread_blocked, id=7500, stack(0x0000003bc5800000,0x0000003bc5900000)]
  0x00000219487a4f70 JavaThread "Service Thread" daemon [_thread_blocked, id=29020, stack(0x0000003bc5900000,0x0000003bc5a00000)]
  0x00000219487a9850 JavaThread "Monitor Deflation Thread" daemon [_thread_blocked, id=31032, stack(0x0000003bc5a00000,0x0000003bc5b00000)]
=>0x00000219487aa450 JavaThread "C2 CompilerThread0" daemon [_thread_in_native, id=7836, stack(0x0000003bc5b00000,0x0000003bc5c00000)]
  0x00000219487b0320 JavaThread "C1 CompilerThread0" daemon [_thread_blocked, id=28596, stack(0x0000003bc5c00000,0x0000003bc5d00000)]
  0x00000219487b0c30 JavaThread "Sweeper thread" daemon [_thread_blocked, id=27088, stack(0x0000003bc5d00000,0x0000003bc5e00000)]
  0x00000219488fd560 JavaThread "Common-Cleaner" daemon [_thread_blocked, id=11728, stack(0x0000003bc5f00000,0x0000003bc6000000)]
  0x0000021948a25cd0 JavaThread "Notification Thread" daemon [_thread_blocked, id=31524, stack(0x0000003bc6100000,0x0000003bc6200000)]
  0x0000021904b41130 JavaThread "Daemon health stats" [_thread_blocked, id=17628, stack(0x0000003bc6500000,0x0000003bc6600000)]
  0x000002197e99b570 JavaThread "Incoming local TCP Connector on port 56295" [_thread_in_native, id=30280, stack(0x0000003bc6c00000,0x0000003bc6d00000)]
  0x0000021904db8890 JavaThread "Daemon periodic checks" [_thread_blocked, id=29504, stack(0x0000003bc6400000,0x0000003bc6500000)]
  0x00000219049ba7d0 JavaThread "Cache worker for journal cache (C:\Users\anand\.gradle\caches\journal-1)" [_thread_blocked, id=30024, stack(0x0000003bc6300000,0x0000003bc6400000)]
  0x00000219049bbc10 JavaThread "File lock request listener" [_thread_in_native, id=24824, stack(0x0000003bc7800000,0x0000003bc7900000)]
  0x00000219049bace0 JavaThread "Cache worker for file hash cache (C:\Users\anand\.gradle\caches\8.10.2\fileHashes)" [_thread_blocked, id=29872, stack(0x0000003bc7900000,0x0000003bc7a00000)]
  0x00000219049b9db0 JavaThread "File watcher server" daemon [_thread_in_native, id=30552, stack(0x0000003bc8500000,0x0000003bc8600000)]
  0x00000219049bb700 JavaThread "File watcher consumer" daemon [_thread_blocked, id=29740, stack(0x0000003bc8600000,0x0000003bc8700000)]
  0x000002190646f870 JavaThread "Cache worker for file content cache (C:\Users\anand\.gradle\caches\8.10.2\fileContent)" [_thread_blocked, id=3300, stack(0x0000003bc8800000,0x0000003bc8900000)]
  0x00000219064720f0 JavaThread "jar transforms" [_thread_blocked, id=2668, stack(0x0000003bc8c00000,0x0000003bc8d00000)]
  0x00000219082c59c0 JavaThread "Memory manager" [_thread_blocked, id=31932, stack(0x0000003bcc000000,0x0000003bcc100000)]
  0x000002197ef0ca20 JavaThread "jar transforms Thread 2" [_thread_blocked, id=12084, stack(0x0000003bd2400000,0x0000003bd2500000)]
  0x000002197ef101d0 JavaThread "jar transforms Thread 3" [_thread_blocked, id=21632, stack(0x0000003bd2600000,0x0000003bd2700000)]
  0x000002197ef0cf30 JavaThread "jar transforms Thread 4" [_thread_blocked, id=1796, stack(0x0000003bd2700000,0x0000003bd2800000)]
  0x000002197ef12f60 JavaThread "jar transforms Thread 5" [_thread_blocked, id=25020, stack(0x0000003bd2a00000,0x0000003bd2b00000)]
  0x000002197ef12a50 JavaThread "jar transforms Thread 6" [_thread_blocked, id=27664, stack(0x0000003bd2b00000,0x0000003bd2c00000)]
  0x00000219488f3120 JavaThread "jar transforms Thread 7" [_thread_blocked, id=3268, stack(0x0000003bd5800000,0x0000003bd5900000)]
  0x00000219488f3b40 JavaThread "jar transforms Thread 8" [_thread_blocked, id=15184, stack(0x0000003bd5e00000,0x0000003bd5f00000)]
  0x00000219488f08a0 JavaThread "jar transforms Thread 9" [_thread_blocked, id=23776, stack(0x0000003bd5f00000,0x0000003bd6000000)]
  0x00000219488f0db0 JavaThread "jar transforms Thread 10" [_thread_blocked, id=14592, stack(0x0000003bd6000000,0x0000003bd6100000)]
  0x00000219074a6060 JavaThread "jar transforms Thread 11" [_thread_blocked, id=30448, stack(0x0000003bc5e00000,0x0000003bc5f00000)]
  0x00000219074a6570 JavaThread "jar transforms Thread 12" [_thread_blocked, id=31868, stack(0x0000003bd6100000,0x0000003bd6200000)]
  0x00000219074a6a80 JavaThread "jar transforms Thread 13" [_thread_blocked, id=8972, stack(0x0000003bd6400000,0x0000003bd6500000)]
  0x00000219074a74a0 JavaThread "jar transforms Thread 14" [_thread_blocked, id=29436, stack(0x0000003bd6500000,0x0000003bd6600000)]
  0x00000219074a79b0 JavaThread "jar transforms Thread 15" [_thread_blocked, id=30612, stack(0x0000003bd6600000,0x0000003bd6700000)]
  0x00000219074a4200 JavaThread "jar transforms Thread 16" [_thread_blocked, id=14108, stack(0x0000003bd6700000,0x0000003bd6800000)]
  0x0000021912fe24b0 JavaThread "Daemon Thread 2" [_thread_blocked, id=25816, stack(0x0000003bc4b00000,0x0000003bc4c00000)]
  0x000002191665fb40 JavaThread "Daemon worker Thread 2" [_thread_blocked, id=7232, stack(0x0000003bc6000000,0x0000003bc6100000)]
  0x000002190f54eee0 JavaThread "Handler for socket connection from /127.0.0.1:56295 to /127.0.0.1:56912" [_thread_in_native, id=22204, stack(0x0000003bc4c00000,0x0000003bc4d00000)]
  0x000002190f54d590 JavaThread "Cancel handler" [_thread_blocked, id=25304, stack(0x0000003bc4d00000,0x0000003bc4e00000)]
  0x000002190fc421d0 JavaThread "Asynchronous log dispatcher for DefaultDaemonConnection: socket connection from /127.0.0.1:56295 to /127.0.0.1:56912" [_thread_blocked, id=32216, stack(0x0000003bc6b00000,0x0000003bc6c00000)]
  0x000002190fc412a0 JavaThread "Stdin handler" [_thread_blocked, id=7876, stack(0x0000003bc7100000,0x0000003bc7200000)]
  0x000002190fc417b0 JavaThread "Daemon client event forwarder" [_thread_blocked, id=30716, stack(0x0000003bc7200000,0x0000003bc7300000)]
  0x000002190fc42bf0 JavaThread "Cache worker for file hash cache (E:\Doodle\android\.gradle\8.10.2\fileHashes)" [_thread_blocked, id=1892, stack(0x0000003bc7300000,0x0000003bc7400000)]
  0x000002190fc41cc0 JavaThread "Cache worker for Build Output Cleanup Cache (E:\Doodle\android\.gradle\buildOutputCleanup)" [_thread_blocked, id=29820, stack(0x0000003bc7400000,0x0000003bc7500000)]
  0x000002190fc426e0 JavaThread "Cache worker for checksums cache (E:\Doodle\android\.gradle\8.10.2\checksums)" [_thread_blocked, id=30464, stack(0x0000003bc7500000,0x0000003bc7600000)]
  0x0000021914d94a20 JavaThread "Cache worker for cache directory md-rule (C:\Users\anand\.gradle\caches\8.10.2\md-rule)" [_thread_blocked, id=8392, stack(0x0000003bc7600000,0x0000003bc7700000)]
  0x0000021915a493c0 JavaThread "Cache worker for cache directory md-supplier (C:\Users\anand\.gradle\caches\8.10.2\md-supplier)" [_thread_blocked, id=23968, stack(0x0000003bc7700000,0x0000003bc7800000)]
  0x0000021915a498d0 JavaThread "Cache worker for Build Output Cleanup Cache (E:\Doodle\node_modules\@react-native\gradle-plugin\.gradle\buildOutputCleanup)" [_thread_blocked, id=26756, stack(0x0000003bc7a00000,0x0000003bc7b00000)]
  0x0000021915a49de0 JavaThread "Unconstrained build operations" [_thread_blocked, id=21348, stack(0x0000003bc7e00000,0x0000003bc7f00000)]
  0x0000021915a46b40 JavaThread "Unconstrained build operations Thread 2" [_thread_blocked, id=31664, stack(0x0000003bc8700000,0x0000003bc8800000)]
  0x0000021915a4a2f0 JavaThread "Unconstrained build operations Thread 3" [_thread_blocked, id=5408, stack(0x0000003bc8d00000,0x0000003bc8e00000)]
  0x0000021915a47050 JavaThread "Unconstrained build operations Thread 4" [_thread_blocked, id=30176, stack(0x0000003bc8e00000,0x0000003bc8f00000)]
  0x0000021915a47560 JavaThread "Unconstrained build operations Thread 5" [_thread_blocked, id=30360, stack(0x0000003bc8f00000,0x0000003bc9000000)]
  0x0000021915a47a70 JavaThread "Unconstrained build operations Thread 6" [_thread_blocked, id=10404, stack(0x0000003bc9000000,0x0000003bc9100000)]
  0x0000021915a47f80 JavaThread "Unconstrained build operations Thread 7" [_thread_blocked, id=31176, stack(0x0000003bc9100000,0x0000003bc9200000)]
  0x0000021915a48490 JavaThread "Unconstrained build operations Thread 8" [_thread_blocked, id=23836, stack(0x0000003bc9200000,0x0000003bc9300000)]
  0x0000021915a489a0 JavaThread "Unconstrained build operations Thread 9" [_thread_blocked, id=15520, stack(0x0000003bc9300000,0x0000003bc9400000)]
  0x0000021906a93720 JavaThread "Unconstrained build operations Thread 10" [_thread_blocked, id=7444, stack(0x0000003bc9400000,0x0000003bc9500000)]
  0x0000021906a93c30 JavaThread "Unconstrained build operations Thread 11" [_thread_blocked, id=29852, stack(0x0000003bc9500000,0x0000003bc9600000)]
  0x0000021906a94140 JavaThread "Unconstrained build operations Thread 12" [_thread_blocked, id=28568, stack(0x0000003bc9600000,0x0000003bc9700000)]
  0x0000021906a95a90 JavaThread "Unconstrained build operations Thread 13" [_thread_blocked, id=27168, stack(0x0000003bc9700000,0x0000003bc9800000)]
  0x0000021906a95580 JavaThread "Unconstrained build operations Thread 14" [_thread_blocked, id=12356, stack(0x0000003bc9800000,0x0000003bc9900000)]
  0x0000021906a94650 JavaThread "Unconstrained build operations Thread 15" [_thread_blocked, id=28436, stack(0x0000003bc9900000,0x0000003bc9a00000)]
  0x0000021906a94b60 JavaThread "Unconstrained build operations Thread 16" [_thread_blocked, id=22196, stack(0x0000003bc9a00000,0x0000003bc9b00000)]
  0x0000021906a95fa0 JavaThread "Unconstrained build operations Thread 17" [_thread_blocked, id=22596, stack(0x0000003bc9b00000,0x0000003bc9c00000)]
  0x0000021906a927f0 JavaThread "Unconstrained build operations Thread 18" [_thread_blocked, id=18636, stack(0x0000003bc9c00000,0x0000003bc9d00000)]
  0x0000021906a92d00 JavaThread "Unconstrained build operations Thread 19" [_thread_blocked, id=23768, stack(0x0000003bc9d00000,0x0000003bc9e00000)]
  0x0000021906a93210 JavaThread "Unconstrained build operations Thread 20" [_thread_blocked, id=16412, stack(0x0000003bc9e00000,0x0000003bc9f00000)]
  0x000002190ff854b0 JavaThread "Unconstrained build operations Thread 21" [_thread_blocked, id=31528, stack(0x0000003bc9f00000,0x0000003bca000000)]
  0x000002190ff85ed0 JavaThread "Unconstrained build operations Thread 22" [_thread_blocked, id=32076, stack(0x0000003bca000000,0x0000003bca100000)]
  0x000002190ff868f0 JavaThread "Unconstrained build operations Thread 23" [_thread_blocked, id=32524, stack(0x0000003bca100000,0x0000003bca200000)]
  0x000002190ff859c0 JavaThread "Unconstrained build operations Thread 24" [_thread_blocked, id=3580, stack(0x0000003bca200000,0x0000003bca300000)]
  0x000002190ff86e00 JavaThread "Unconstrained build operations Thread 25" [_thread_blocked, id=4796, stack(0x0000003bca300000,0x0000003bca400000)]
  0x000002190ff84a90 JavaThread "Unconstrained build operations Thread 26" [_thread_blocked, id=16200, stack(0x0000003bca400000,0x0000003bca500000)]
  0x000002190ff87310 JavaThread "Unconstrained build operations Thread 27" [_thread_blocked, id=32140, stack(0x0000003bca500000,0x0000003bca600000)]
  0x000002190ff87820 JavaThread "Unconstrained build operations Thread 28" [_thread_blocked, id=24224, stack(0x0000003bca600000,0x0000003bca700000)]
  0x000002190ff863e0 JavaThread "Unconstrained build operations Thread 29" [_thread_blocked, id=26228, stack(0x0000003bca700000,0x0000003bca800000)]
  0x000002190ff84070 JavaThread "Unconstrained build operations Thread 30" [_thread_blocked, id=30192, stack(0x0000003bca800000,0x0000003bca900000)]
  0x000002190ff84580 JavaThread "Unconstrained build operations Thread 31" [_thread_blocked, id=22552, stack(0x0000003bca900000,0x0000003bcaa00000)]
  0x000002198db27ca0 JavaThread "Unconstrained build operations Thread 32" [_thread_blocked, id=2132, stack(0x0000003bcaa00000,0x0000003bcab00000)]
  0x000002198db27790 JavaThread "Unconstrained build operations Thread 33" [_thread_blocked, id=29972, stack(0x0000003bcb600000,0x0000003bcb700000)]
  0x000002198db27280 JavaThread "Unconstrained build operations Thread 34" [_thread_blocked, id=23704, stack(0x0000003bcb700000,0x0000003bcb800000)]
  0x000002198db244f0 JavaThread "build event listener" [_thread_blocked, id=31368, stack(0x0000003bcb800000,0x0000003bcb900000)]
  0x000002198db24a00 JavaThread "included builds" [_thread_blocked, id=23996, stack(0x0000003bcb900000,0x0000003bcba00000)]
  0x0000021914c07050 JavaThread "Execution worker" [_thread_blocked, id=29604, stack(0x0000003bcba00000,0x0000003bcbb00000)]
  0x0000021914c03db0 JavaThread "Execution worker Thread 2" [_thread_blocked, id=28748, stack(0x0000003bcbb00000,0x0000003bcbc00000)]
  0x0000021914c07a70 JavaThread "Execution worker Thread 3" [_thread_blocked, id=17368, stack(0x0000003bcbc00000,0x0000003bcbd00000)]
  0x0000021914c07f80 JavaThread "Execution worker Thread 4" [_thread_blocked, id=31784, stack(0x0000003bcbd00000,0x0000003bcbe00000)]
  0x0000021914c05c10 JavaThread "Execution worker Thread 5" [_thread_blocked, id=8432, stack(0x0000003bcbe00000,0x0000003bcbf00000)]
  0x00000219092cf600 JavaThread "Cache worker for execution history cache (E:\Doodle\node_modules\@react-native\gradle-plugin\.gradle\8.10.2\executionHistory)" [_thread_blocked, id=21952, stack(0x0000003bcbf00000,0x0000003bcc000000)]
  0x0000021914c047d0 JavaThread "Execution worker Thread 6" [_thread_blocked, id=23412, stack(0x0000003bcc100000,0x0000003bcc200000)]
  0x0000021914c06120 JavaThread "Execution worker Thread 7" [_thread_blocked, id=29192, stack(0x0000003bcc200000,0x0000003bcc300000)]
  0x000002191665f120 JavaThread "Execution worker Thread 8" [_thread_blocked, id=30180, stack(0x0000003bcc300000,0x0000003bcc400000)]
  0x000002191665f630 JavaThread "Execution worker Thread 9" [_thread_blocked, id=23732, stack(0x0000003bcc400000,0x0000003bcc500000)]
  0x00000219138bdc20 JavaThread "Execution worker Thread 10" [_thread_blocked, id=13476, stack(0x0000003bcc500000,0x0000003bcc600000)]
  0x00000219138bbdc0 JavaThread "Execution worker Thread 11" [_thread_blocked, id=29048, stack(0x0000003bcc600000,0x0000003bcc700000)]
  0x00000219138be130 JavaThread "Execution worker Thread 12" [_thread_blocked, id=22044, stack(0x0000003bcc700000,0x0000003bcc800000)]
  0x00000219138bccf0 JavaThread "Execution worker Thread 13" [_thread_blocked, id=23796, stack(0x0000003bcc800000,0x0000003bcc900000)]
  0x00000219138bd200 JavaThread "Execution worker Thread 14" [_thread_blocked, id=3312, stack(0x0000003bcc900000,0x0000003bcca00000)]
  0x00000219138bd710 JavaThread "Execution worker Thread 15" [_thread_blocked, id=27044, stack(0x0000003bcca00000,0x0000003bccb00000)]
  0x00000219138c0380 JavaThread "Unconstrained build operations Thread 35" [_thread_blocked, id=27256, stack(0x0000003bccb00000,0x0000003bccc00000)]
  0x00000219138c0890 JavaThread "Unconstrained build operations Thread 36" [_thread_blocked, id=20148, stack(0x0000003bccc00000,0x0000003bccd00000)]
  0x00000219138c0da0 JavaThread "Unconstrained build operations Thread 37" [_thread_blocked, id=20780, stack(0x0000003bccd00000,0x0000003bcce00000)]
  0x00000219138c12b0 JavaThread "Unconstrained build operations Thread 38" [_thread_blocked, id=21448, stack(0x0000003bcce00000,0x0000003bccf00000)]
  0x00000219138c17c0 JavaThread "Unconstrained build operations Thread 39" [_thread_blocked, id=32692, stack(0x0000003bccf00000,0x0000003bcd000000)]
  0x00000219138bfe70 JavaThread "Unconstrained build operations Thread 40" [_thread_blocked, id=26848, stack(0x0000003bcd000000,0x0000003bcd100000)]
  0x000002190631c5b0 JavaThread "Unconstrained build operations Thread 41" [_thread_blocked, id=15852, stack(0x0000003bcd100000,0x0000003bcd200000)]
  0x000002190631cac0 JavaThread "Unconstrained build operations Thread 42" [_thread_blocked, id=8484, stack(0x0000003bcd200000,0x0000003bcd300000)]
  0x000002190631cfd0 JavaThread "Unconstrained build operations Thread 43" [_thread_blocked, id=23252, stack(0x0000003bcd300000,0x0000003bcd400000)]
  0x000002190631a750 JavaThread "Unconstrained build operations Thread 44" [_thread_blocked, id=27912, stack(0x0000003bcd400000,0x0000003bcd500000)]
  0x000002190631c0a0 JavaThread "Unconstrained build operations Thread 45" [_thread_blocked, id=31496, stack(0x0000003bcd500000,0x0000003bcd600000)]
  0x000002190631ac60 JavaThread "Unconstrained build operations Thread 46" [_thread_blocked, id=32156, stack(0x0000003bcd600000,0x0000003bcd700000)]
  0x00000219134402d0 JavaThread "Unconstrained build operations Thread 47" [_thread_blocked, id=21996, stack(0x0000003bcd700000,0x0000003bcd800000)]
  0x000002197f2b0940 JavaThread "Unconstrained build operations Thread 48" [_thread_blocked, id=29236, stack(0x0000003bcd900000,0x0000003bcda00000)]
  0x000002197f2b0e50 JavaThread "Unconstrained build operations Thread 49" [_thread_blocked, id=18316, stack(0x0000003bcda00000,0x0000003bcdb00000)]
  0x000002197f2b27a0 JavaThread "Unconstrained build operations Thread 50" [_thread_blocked, id=12228, stack(0x0000003bcdb00000,0x0000003bcdc00000)]
  0x000002197f2b36d0 JavaThread "Unconstrained build operations Thread 51" [_thread_blocked, id=32588, stack(0x0000003bcdc00000,0x0000003bcdd00000)]
  0x000002197f2b0430 JavaThread "Unconstrained build operations Thread 52" [_thread_blocked, id=13776, stack(0x0000003bcdd00000,0x0000003bcde00000)]
  0x000002197f2b1870 JavaThread "Unconstrained build operations Thread 53" [_thread_blocked, id=24056, stack(0x0000003bcde00000,0x0000003bcdf00000)]
  0x000002197f2b1360 JavaThread "Unconstrained build operations Thread 54" [_thread_blocked, id=28028, stack(0x0000003bcdf00000,0x0000003bce000000)]
  0x000002197f2b2290 JavaThread "Unconstrained build operations Thread 55" [_thread_blocked, id=26672, stack(0x0000003bce000000,0x0000003bce100000)]
  0x000002197f2b2cb0 JavaThread "Unconstrained build operations Thread 56" [_thread_blocked, id=3484, stack(0x0000003bce100000,0x0000003bce200000)]
  0x000002197f2b31c0 JavaThread "Unconstrained build operations Thread 57" [_thread_blocked, id=15652, stack(0x0000003bce200000,0x0000003bce300000)]
  0x000002197f2aff20 JavaThread "Unconstrained build operations Thread 58" [_thread_blocked, id=20380, stack(0x0000003bce300000,0x0000003bce400000)]
  0x00000219487fd3a0 JavaThread "Unconstrained build operations Thread 59" [_thread_blocked, id=32652, stack(0x0000003bce400000,0x0000003bce500000)]
  0x00000219487fd8b0 JavaThread "Unconstrained build operations Thread 60" [_thread_blocked, id=18856, stack(0x0000003bce500000,0x0000003bce600000)]
  0x00000219487fddc0 JavaThread "Unconstrained build operations Thread 61" [_thread_blocked, id=21968, stack(0x0000003bce600000,0x0000003bce700000)]
  0x00000219487fc980 JavaThread "Unconstrained build operations Thread 62" [_thread_blocked, id=26704, stack(0x0000003bce700000,0x0000003bce800000)]
  0x00000219487fce90 JavaThread "Unconstrained build operations Thread 63" [_thread_blocked, id=6596, stack(0x0000003bce800000,0x0000003bce900000)]
  0x000002198db26350 JavaThread "Unconstrained build operations Thread 64" [_thread_blocked, id=20684, stack(0x0000003bce900000,0x0000003bcea00000)]
  0x000002198db25e40 JavaThread "Unconstrained build operations Thread 65" [_thread_blocked, id=7212, stack(0x0000003bcec00000,0x0000003bced00000)]
  0x000002198db26860 JavaThread "Unconstrained build operations Thread 66" [_thread_blocked, id=14120, stack(0x0000003bced00000,0x0000003bcee00000)]
  0x000002198db24f10 JavaThread "Unconstrained build operations Thread 67" [_thread_blocked, id=29016, stack(0x0000003bcee00000,0x0000003bcef00000)]
  0x0000021914bbbcb0 JavaThread "Unconstrained build operations Thread 68" [_thread_blocked, id=17372, stack(0x0000003bcf000000,0x0000003bcf100000)]
  0x0000021914bb8f20 JavaThread "Unconstrained build operations Thread 69" [_thread_blocked, id=17540, stack(0x0000003bcf100000,0x0000003bcf200000)]
  0x0000021914bb9430 JavaThread "Cache worker for Build Output Cleanup Cache (E:\Doodle\node_modules\expo-dev-launcher\expo-dev-launcher-gradle-plugin\.gradle\buildOutputCleanup)" [_thread_blocked, id=18320, stack(0x0000003bc7d00000,0x0000003bc7e00000)]
  0x0000021914bb9940 JavaThread "Cache worker for Build Output Cleanup Cache (E:\Doodle\node_modules\expo-updates\expo-updates-gradle-plugin\.gradle\buildOutputCleanup)" [_thread_blocked, id=29524, stack(0x0000003bcd800000,0x0000003bcd900000)]
  0x0000021914bb9e50 JavaThread "Unconstrained build operations Thread 70" [_thread_blocked, id=13588, stack(0x0000003bcf400000,0x0000003bcf500000)]
  0x0000021914bbb7a0 JavaThread "Unconstrained build operations Thread 71" [_thread_blocked, id=26344, stack(0x0000003bcf500000,0x0000003bcf600000)]
  0x0000021914bba360 JavaThread "Unconstrained build operations Thread 72" [_thread_blocked, id=23496, stack(0x0000003bcf600000,0x0000003bcf700000)]
  0x0000021914bbc1c0 JavaThread "Unconstrained build operations Thread 73" [_thread_blocked, id=28244, stack(0x0000003bcf700000,0x0000003bcf800000)]
  0x0000021914bb8a10 JavaThread "Unconstrained build operations Thread 74" [_thread_blocked, id=25380, stack(0x0000003bcf800000,0x0000003bcf900000)]
  0x0000021914bba870 JavaThread "Unconstrained build operations Thread 75" [_thread_blocked, id=30028, stack(0x0000003bcf900000,0x0000003bcfa00000)]
  0x0000021914bbad80 JavaThread "Unconstrained build operations Thread 76" [_thread_blocked, id=468, stack(0x0000003bcfa00000,0x0000003bcfb00000)]
  0x0000021914bbb290 JavaThread "Unconstrained build operations Thread 77" [_thread_blocked, id=9604, stack(0x0000003bcfb00000,0x0000003bcfc00000)]
  0x000002198db26d70 JavaThread "Unconstrained build operations Thread 78" [_thread_blocked, id=30892, stack(0x0000003bcfc00000,0x0000003bcfd00000)]
  0x000002197f222670 JavaThread "Unconstrained build operations Thread 79" [_thread_blocked, id=31832, stack(0x0000003bcfd00000,0x0000003bcfe00000)]
  0x000002197f222160 JavaThread "Unconstrained build operations Thread 80" [_thread_blocked, id=32744, stack(0x0000003bcfe00000,0x0000003bcff00000)]
  0x000002197f21f8e0 JavaThread "Unconstrained build operations Thread 81" [_thread_blocked, id=31188, stack(0x0000003bcff00000,0x0000003bd0000000)]
  0x000002197f221230 JavaThread "Unconstrained build operations Thread 82" [_thread_blocked, id=12412, stack(0x0000003bd0000000,0x0000003bd0100000)]
  0x0000021914d935e0 JavaThread "Unconstrained build operations Thread 83" [_thread_blocked, id=32636, stack(0x0000003bd0100000,0x0000003bd0200000)]
  0x0000021914d93af0 JavaThread "Unconstrained build operations Thread 84" [_thread_blocked, id=17416, stack(0x0000003bd0200000,0x0000003bd0300000)]
  0x0000021914d96370 JavaThread "Unconstrained build operations Thread 85" [_thread_blocked, id=5848, stack(0x0000003bd0300000,0x0000003bd0400000)]
  0x0000021914d92bc0 JavaThread "Unconstrained build operations Thread 86" [_thread_blocked, id=32308, stack(0x0000003bd0400000,0x0000003bd0500000)]
  0x0000021914d930d0 JavaThread "Unconstrained build operations Thread 87" [_thread_blocked, id=21292, stack(0x0000003bd0500000,0x0000003bd0600000)]
  0x0000021914d94000 JavaThread "Unconstrained build operations Thread 88" [_thread_blocked, id=31228, stack(0x0000003bd0600000,0x0000003bd0700000)]
  0x0000021914d94510 JavaThread "Unconstrained build operations Thread 89" [_thread_blocked, id=11776, stack(0x0000003bd0700000,0x0000003bd0800000)]
  0x0000021914d94f30 JavaThread "Unconstrained build operations Thread 90" [_thread_blocked, id=16820, stack(0x0000003bd0800000,0x0000003bd0900000)]
  0x0000021914d95440 JavaThread "Unconstrained build operations Thread 91" [_thread_blocked, id=29176, stack(0x0000003bd0900000,0x0000003bd0a00000)]
  0x0000021914d95950 JavaThread "Unconstrained build operations Thread 92" [_thread_blocked, id=27696, stack(0x0000003bd0a00000,0x0000003bd0b00000)]
  0x0000021914d95e60 JavaThread "Unconstrained build operations Thread 93" [_thread_blocked, id=7416, stack(0x0000003bd0b00000,0x0000003bd0c00000)]
  0x000002197f0bab40 JavaThread "Unconstrained build operations Thread 94" [_thread_blocked, id=30244, stack(0x0000003bd0c00000,0x0000003bd0d00000)]
  0x000002197f0b9700 JavaThread "Unconstrained build operations Thread 95" [_thread_blocked, id=27796, stack(0x0000003bd0d00000,0x0000003bd0e00000)]
  0x000002197f0b9c10 JavaThread "Unconstrained build operations Thread 96" [_thread_blocked, id=32592, stack(0x0000003bd0e00000,0x0000003bd0f00000)]
  0x000002197f0bb050 JavaThread "Unconstrained build operations Thread 97" [_thread_blocked, id=28508, stack(0x0000003bd0f00000,0x0000003bd1000000)]
  0x000002197f0ba120 JavaThread "Unconstrained build operations Thread 98" [_thread_blocked, id=27532, stack(0x0000003bd1000000,0x0000003bd1100000)]
  0x000002197f0bb560 JavaThread "Unconstrained build operations Thread 99" [_thread_blocked, id=14556, stack(0x0000003bd1100000,0x0000003bd1200000)]
  0x000002197f21f3d0 JavaThread "build event listener" [_thread_blocked, id=28072, stack(0x0000003bd1200000,0x0000003bd1300000)]
  0x000002197f21eec0 JavaThread "Unconstrained build operations Thread 100" [_thread_blocked, id=18312, stack(0x0000003bd1300000,0x0000003bd1400000)]
  0x000002197f21fdf0 JavaThread "Unconstrained build operations Thread 101" [_thread_blocked, id=30900, stack(0x0000003bd1400000,0x0000003bd1500000)]
  0x000002197f220810 JavaThread "Unconstrained build operations Thread 102" [_thread_blocked, id=31852, stack(0x0000003bd1500000,0x0000003bd1600000)]
  0x000002197f221740 JavaThread "Unconstrained build operations Thread 103" [_thread_blocked, id=32044, stack(0x0000003bd1600000,0x0000003bd1700000)]
  0x000002197f221c50 JavaThread "Unconstrained build operations Thread 104" [_thread_blocked, id=32192, stack(0x0000003bd1700000,0x0000003bd1800000)]
  0x000002197f220300 JavaThread "Unconstrained build operations Thread 105" [_thread_blocked, id=18956, stack(0x0000003bd1800000,0x0000003bd1900000)]
  0x000002197f220d20 JavaThread "Unconstrained build operations Thread 106" [_thread_blocked, id=4520, stack(0x0000003bd1900000,0x0000003bd1a00000)]
  0x000002191742c3e0 JavaThread "Unconstrained build operations Thread 107" [_thread_blocked, id=12488, stack(0x0000003bd1a00000,0x0000003bd1b00000)]
  0x000002191742a580 JavaThread "Unconstrained build operations Thread 108" [_thread_blocked, id=14024, stack(0x0000003bd1b00000,0x0000003bd1c00000)]
  0x000002191742afa0 JavaThread "Unconstrained build operations Thread 109" [_thread_blocked, id=28308, stack(0x0000003bd1c00000,0x0000003bd1d00000)]
  0x000002191742aa90 JavaThread "Unconstrained build operations Thread 110" [_thread_blocked, id=18328, stack(0x0000003bd1d00000,0x0000003bd1e00000)]
  0x000002191742bed0 JavaThread "Unconstrained build operations Thread 111" [_thread_blocked, id=26612, stack(0x0000003bd1f00000,0x0000003bd2000000)]
  0x000002191742d820 JavaThread "Unconstrained build operations Thread 112" [_thread_blocked, id=28376, stack(0x0000003bd2000000,0x0000003bd2100000)]
  0x000002191742a070 JavaThread "Unconstrained build operations Thread 113" [_thread_blocked, id=32608, stack(0x0000003bd2100000,0x0000003bd2200000)]
  0x000002191742b4b0 JavaThread "Unconstrained build operations Thread 114" [_thread_blocked, id=26780, stack(0x0000003bd2200000,0x0000003bd2300000)]
  0x00000219092d2540 JavaThread "Cache worker for execution history cache (E:\Doodle\node_modules\expo-dev-launcher\expo-dev-launcher-gradle-plugin\.gradle\8.10.2\executionHistory)" [_thread_blocked, id=26236, stack(0x0000003bd2800000,0x0000003bd2900000)]
  0x0000021906d6fc00 JavaThread "Cache worker for execution history cache (E:\Doodle\node_modules\expo-updates\expo-updates-gradle-plugin\.gradle\8.10.2\executionHistory)" [_thread_blocked, id=6536, stack(0x0000003bd2900000,0x0000003bd2a00000)]
  0x0000021910fe0620 JavaThread "Unconstrained build operations Thread 115" [_thread_blocked, id=32380, stack(0x0000003bd2c00000,0x0000003bd2d00000)]
  0x0000021910fe1f70 JavaThread "Unconstrained build operations Thread 116" [_thread_blocked, id=17732, stack(0x0000003bd2d00000,0x0000003bd2e00000)]
  0x0000021906d70b30 JavaThread "Unconstrained build operations Thread 117" [_thread_blocked, id=32420, stack(0x0000003bd2e00000,0x0000003bd2f00000)]
  0x0000021906d71550 JavaThread "Unconstrained build operations Thread 118" [_thread_blocked, id=31800, stack(0x0000003bd2f00000,0x0000003bd3000000)]
  0x0000021906d70110 JavaThread "Unconstrained build operations Thread 119" [_thread_blocked, id=27112, stack(0x0000003bd3000000,0x0000003bd3100000)]
  0x0000021906d71f70 JavaThread "Unconstrained build operations Thread 120" [_thread_blocked, id=28728, stack(0x0000003bd3100000,0x0000003bd3200000)]
  0x0000021906d70620 JavaThread "Unconstrained build operations Thread 121" [_thread_blocked, id=30164, stack(0x0000003bd3200000,0x0000003bd3300000)]
  0x0000021906d6f6f0 JavaThread "Unconstrained build operations Thread 122" [_thread_blocked, id=30172, stack(0x0000003bd3300000,0x0000003bd3400000)]
  0x0000021906d71040 JavaThread "Unconstrained build operations Thread 123" [_thread_blocked, id=28840, stack(0x0000003bd3400000,0x0000003bd3500000)]
  0x0000021906d71a60 JavaThread "Unconstrained build operations Thread 124" [_thread_blocked, id=16420, stack(0x0000003bd3500000,0x0000003bd3600000)]
  0x0000021910fe38c0 JavaThread "Unconstrained build operations Thread 125" [_thread_blocked, id=29184, stack(0x0000003bd3600000,0x0000003bd3700000)]
  0x0000021914c08490 JavaThread "Unconstrained build operations Thread 126" [_thread_blocked, id=30400, stack(0x0000003bd3700000,0x0000003bd3800000)]
  0x000002190f54e4c0 JavaThread "Unconstrained build operations Thread 127" [_thread_blocked, id=26684, stack(0x0000003bd3800000,0x0000003bd3900000)]
  0x0000021914c06630 JavaThread "Unconstrained build operations Thread 128" [_thread_blocked, id=27936, stack(0x0000003bd3900000,0x0000003bd3a00000)]
  0x0000021916b05d90 JavaThread "Unconstrained build operations Thread 129" [_thread_blocked, id=6628, stack(0x0000003bd3a00000,0x0000003bd3b00000)]
  0x0000021914c089a0 JavaThread "Unconstrained build operations Thread 130" [_thread_blocked, id=17308, stack(0x0000003bd3b00000,0x0000003bd3c00000)]
  0x0000021916b05880 JavaThread "Unconstrained build operations Thread 131" [_thread_blocked, id=32536, stack(0x0000003bd3c00000,0x0000003bd3d00000)]
  0x0000021914c08eb0 JavaThread "Unconstrained build operations Thread 132" [_thread_blocked, id=29976, stack(0x0000003bd3d00000,0x0000003bd3e00000)]
  0x0000021916b08100 JavaThread "Unconstrained build operations Thread 133" [_thread_blocked, id=26112, stack(0x0000003bd3e00000,0x0000003bd3f00000)]
  0x0000021914c05700 JavaThread "Unconstrained build operations Thread 134" [_thread_blocked, id=6672, stack(0x0000003bd3f00000,0x0000003bd4000000)]
  0x0000021916b07bf0 JavaThread "Unconstrained build operations Thread 135" [_thread_blocked, id=15196, stack(0x0000003bd4000000,0x0000003bd4100000)]
  0x0000021914c0cb70 JavaThread "Unconstrained build operations Thread 136" [_thread_blocked, id=18916, stack(0x0000003bd4100000,0x0000003bd4200000)]
  0x0000021916b09030 JavaThread "Unconstrained build operations Thread 137" [_thread_blocked, id=20436, stack(0x0000003bd4200000,0x0000003bd4300000)]
  0x0000021914c093c0 JavaThread "Unconstrained build operations Thread 138" [_thread_blocked, id=17668, stack(0x0000003bd4300000,0x0000003bd4400000)]
  0x0000021916b08610 JavaThread "Unconstrained build operations Thread 139" [_thread_blocked, id=8376, stack(0x0000003bd4400000,0x0000003bd4500000)]
  0x0000021916b08b20 JavaThread "Unconstrained build operations Thread 140" [_thread_blocked, id=15252, stack(0x0000003bd4500000,0x0000003bd4600000)]
  0x000002197f0bba70 JavaThread "Unconstrained build operations Thread 141" [_thread_blocked, id=26696, stack(0x0000003bd4600000,0x0000003bd4700000)]
  0x000002197f0b82c0 JavaThread "Unconstrained build operations Thread 142" [_thread_blocked, id=11772, stack(0x0000003bd4700000,0x0000003bd4800000)]
  0x0000021906d6e7c0 JavaThread "Unconstrained build operations Thread 143" [_thread_blocked, id=8664, stack(0x0000003bd4800000,0x0000003bd4900000)]
  0x0000021906d6ecd0 JavaThread "Unconstrained build operations Thread 144" [_thread_blocked, id=31440, stack(0x0000003bd4900000,0x0000003bd4a00000)]
  0x0000021906d6f1e0 JavaThread "Unconstrained build operations Thread 145" [_thread_blocked, id=26836, stack(0x0000003bd4c00000,0x0000003bd4d00000)]
  0x00000219110d85b0 JavaThread "Unconstrained build operations Thread 146" [_thread_blocked, id=32656, stack(0x0000003bd4d00000,0x0000003bd4e00000)]
  0x00000219110db340 JavaThread "Unconstrained build operations Thread 147" [_thread_blocked, id=24504, stack(0x0000003bd4e00000,0x0000003bd4f00000)]
  0x00000219110d9f00 JavaThread "Unconstrained build operations Thread 148" [_thread_blocked, id=1928, stack(0x0000003bd4f00000,0x0000003bd5000000)]
  0x00000219110d8ac0 JavaThread "Unconstrained build operations Thread 149" [_thread_blocked, id=27620, stack(0x0000003bd5000000,0x0000003bd5100000)]
  0x00000219110d80a0 JavaThread "Unconstrained build operations Thread 150" [_thread_blocked, id=5920, stack(0x0000003bd5100000,0x0000003bd5200000)]
  0x00000219127978b0 JavaThread "Unconstrained build operations Thread 151" [_thread_blocked, id=21584, stack(0x0000003bd5200000,0x0000003bd5300000)]
  0x00000219127973a0 JavaThread "Unconstrained build operations Thread 152" [_thread_blocked, id=30804, stack(0x0000003bd5300000,0x0000003bd5400000)]
  0x0000021912797dc0 JavaThread "Unconstrained build operations Thread 153" [_thread_blocked, id=23788, stack(0x0000003bd5400000,0x0000003bd5500000)]
  0x0000021908ebee60 JavaThread "Unconstrained build operations Thread 154" [_thread_blocked, id=30188, stack(0x0000003bd5500000,0x0000003bd5600000)]
  0x0000021908ebe440 JavaThread "Unconstrained build operations Thread 155" [_thread_blocked, id=20232, stack(0x0000003bd5600000,0x0000003bd5700000)]
  0x0000021908ebd000 JavaThread "Unconstrained build operations Thread 156" [_thread_blocked, id=22120, stack(0x0000003bd5700000,0x0000003bd5800000)]
  0x0000021908ebd510 JavaThread "Unconstrained build operations Thread 157" [_thread_blocked, id=24144, stack(0x0000003bd6300000,0x0000003bd6400000)]
  0x0000021908ebe950 JavaThread "Unconstrained build operations Thread 158" [_thread_blocked, id=14620, stack(0x0000003bd6900000,0x0000003bd6a00000)]
  0x0000021908ebf880 JavaThread "Unconstrained build operations Thread 159" [_thread_blocked, id=21880, stack(0x0000003bd6a00000,0x0000003bd6b00000)]
  0x0000021908ebda20 JavaThread "Unconstrained build operations Thread 160" [_thread_blocked, id=2208, stack(0x0000003bd6b00000,0x0000003bd6c00000)]
  0x0000021908ebdf30 JavaThread "build event listener" [_thread_blocked, id=30752, stack(0x0000003bd6f00000,0x0000003bd7000000)]
  0x00000219092cebe0 JavaThread "Cache worker for execution history cache (E:\Doodle\android\.gradle\8.10.2\executionHistory)" [_thread_blocked, id=9388, stack(0x0000003bd6e00000,0x0000003bd6f00000)]
  0x0000021916b062a0 JavaThread "WorkerExecutor Queue Thread 2" [_thread_blocked, id=32188, stack(0x0000003bcf200000,0x0000003bcf300000)]
  0x0000021914c0d080 JavaThread "WorkerExecutor Queue Thread 3" [_thread_in_Java, id=15584, stack(0x0000003bcf300000,0x0000003bcf400000)]
  0x0000021912e29c60 JavaThread "WorkerExecutor Queue Thread 4" [_thread_in_native, id=7288, stack(0x0000003bd7000000,0x0000003bd7100000)]
  0x0000021910fe2990 JavaThread "WorkerExecutor Queue Thread 9" [_thread_blocked, id=29136, stack(0x0000003bd7500000,0x0000003bd7600000)]
  0x0000021912e264b0 JavaThread "WorkerExecutor Queue Thread 10" [_thread_blocked, id=29652, stack(0x0000003bc7c00000,0x0000003bc7d00000)]
  0x000002197f0b91f0 JavaThread "WorkerExecutor Queue Thread 11" [_thread_blocked, id=27192, stack(0x0000003bcac00000,0x0000003bcad00000)]
  0x00000219092cfb10 JavaThread "WorkerExecutor Queue Thread 12" [_thread_blocked, id=28024, stack(0x0000003bd7600000,0x0000003bd7700000)]
  0x000002190a2c6a70 JavaThread "WorkerExecutor Queue Thread 13" [_thread_blocked, id=27016, stack(0x0000003bd7700000,0x0000003bd7800000)]
  0x000002192078f450 JavaThread "WorkerExecutor Queue Thread 17" [_thread_blocked, id=33652, stack(0x0000003bd2500000,0x0000003bd2600000)]
  0x0000021908ebcaf0 JavaThread "WorkerExecutor Queue Thread 18" [_thread_blocked, id=31616, stack(0x0000003bcef00000,0x0000003bcf000000)]
  0x0000021914c09de0 JavaThread "RMI Scheduler(0)" daemon [_thread_blocked, id=33348, stack(0x0000003bcb300000,0x0000003bcb400000)]
  0x0000021914c0a800 JavaThread "RMI GC Daemon" daemon [_thread_blocked, id=33268, stack(0x0000003bd7c00000,0x0000003bd7d00000)]
  0x0000021906762d90 JavaThread "RMI TCP Accept-0" daemon [_thread_in_native, id=33216, stack(0x0000003bd9100000,0x0000003bd9200000)]
  0x00000219067632a0 JavaThread "RMI Reaper" [_thread_blocked, id=33328, stack(0x0000003bd9200000,0x0000003bd9300000)]
  0x000002190a2c5b40 JavaThread "Cache worker for Java compile cache (C:\Users\anand\.gradle\caches\8.10.2\javaCompile)" [_thread_blocked, id=33308, stack(0x0000003bd7d00000,0x0000003bd7e00000)]
  0x000002190a2c92f0 JavaThread "Build operations" [_thread_blocked, id=33392, stack(0x0000003bd9700000,0x0000003bd9800000)]
  0x000002190a2c6f80 JavaThread "Build operations Thread 2" [_thread_blocked, id=33384, stack(0x0000003bd9800000,0x0000003bd9900000)]
  0x000002190a2c6560 JavaThread "Build operations Thread 3" [_thread_blocked, id=33248, stack(0x0000003bd9900000,0x0000003bd9a00000)]
  0x000002190a2c6050 JavaThread "Build operations Thread 4" [_thread_blocked, id=28424, stack(0x0000003bd9a00000,0x0000003bd9b00000)]
  0x000002190a2c79a0 JavaThread "Build operations Thread 5" [_thread_blocked, id=27476, stack(0x0000003bd9b00000,0x0000003bd9c00000)]
  0x000002190a2c83c0 JavaThread "Build operations Thread 6" [_thread_blocked, id=33388, stack(0x0000003bd9c00000,0x0000003bd9d00000)]
  0x000002190a2c7eb0 JavaThread "Build operations Thread 7" [_thread_blocked, id=33456, stack(0x0000003bd9d00000,0x0000003bd9e00000)]
  0x0000021912fe1580 JavaThread "Build operations Thread 8" [_thread_blocked, id=33432, stack(0x0000003bd9e00000,0x0000003bd9f00000)]
  0x0000021912fe1a90 JavaThread "Build operations Thread 9" [_thread_blocked, id=33012, stack(0x0000003bd9f00000,0x0000003bda000000)]
  0x0000021916276ff0 JavaThread "Build operations Thread 10" [_thread_blocked, id=33296, stack(0x0000003bda000000,0x0000003bda100000)]
  0x00000219162765d0 JavaThread "Build operations Thread 11" [_thread_blocked, id=33324, stack(0x0000003bda100000,0x0000003bda200000)]
  0x0000021916277a10 JavaThread "Build operations Thread 12" [_thread_blocked, id=28364, stack(0x0000003bda200000,0x0000003bda300000)]
  0x0000021917957ef0 JavaThread "Build operations Thread 13" [_thread_blocked, id=11920, stack(0x0000003bda300000,0x0000003bda400000)]
  0x0000021917956fc0 JavaThread "Build operations Thread 14" [_thread_blocked, id=21648, stack(0x0000003bda400000,0x0000003bda500000)]
  0x0000021917958400 JavaThread "Build operations Thread 15" [_thread_blocked, id=1824, stack(0x0000003bda500000,0x0000003bda600000)]
  0x0000021916b071d0 JavaThread "Build operations Thread 16" [_thread_blocked, id=33120, stack(0x0000003bda700000,0x0000003bda800000)]
  0x000002190789cb00 JavaThread "WorkerExecutor Queue Thread 20" [_thread_in_Java, id=25076, stack(0x0000003bcab00000,0x0000003bcac00000)]
  0x000002190789c5f0 JavaThread "WorkerExecutor Queue Thread 21" [_thread_blocked, id=23772, stack(0x0000003bc6a00000,0x0000003bc6b00000)]
  0x0000021909222970 JavaThread "Exec process Thread 33" [_thread_in_native, id=4832, stack(0x0000003bdaf00000,0x0000003bdb000000)]
  0x0000021914c0ad10 JavaThread "WorkerExecutor Queue Thread 22" [_thread_in_Java, id=31780, stack(0x0000003bd7800000,0x0000003bd7900000)]
  0x0000021912500a20 JavaThread "WorkerExecutor Queue Thread 23" [_thread_in_Java, id=18464, stack(0x0000003bcb100000,0x0000003bcb200000)]
  0x000002192078fe70 JavaThread "Exec process Thread 38" [_thread_blocked, id=34604, stack(0x0000003bd7400000,0x0000003bd7500000)]
  0x0000021920790380 JavaThread "Exec process Thread 39" [_thread_blocked, id=34556, stack(0x0000003bd7a00000,0x0000003bd7b00000)]
  0x0000021906b2c690 JavaThread "WorkerExecutor Queue Thread 24" [_thread_in_Java, id=5756, stack(0x0000003bcad00000,0x0000003bcae00000)]
  0x0000021910fe2480 JavaThread "Exec process Thread 50" [_thread_in_native, id=36980, stack(0x0000003bcae00000,0x0000003bcaf00000)]
  0x000002198ddae090 JavaThread "Exec process Thread 51" [_thread_blocked, id=12576, stack(0x0000003bcaf00000,0x0000003bcb000000)]
  0x000002198ddae5a0 JavaThread "Exec process Thread 52" [_thread_in_native, id=36976, stack(0x0000003bcb000000,0x0000003bcb100000)]
  0x000002198dc22ff0 JavaThread "Exec process Thread 53" [_thread_blocked, id=10276, stack(0x0000003bcb400000,0x0000003bcb500000)]
  0x000002198dc216a0 JavaThread "Exec process Thread 54" [_thread_blocked, id=3996, stack(0x0000003bceb00000,0x0000003bcec00000)]
  0x000002190789bbd0 JavaThread "Exec process Thread 55" [_thread_blocked, id=35092, stack(0x0000003bd1e00000,0x0000003bd1f00000)]
  0x0000021907899d70 JavaThread "Exec process Thread 56" [_thread_blocked, id=36384, stack(0x0000003bd7200000,0x0000003bd7300000)]
  0x000002190fe95b80 JavaThread "Exec process Thread 57" [_thread_blocked, id=36984, stack(0x0000003bd7300000,0x0000003bd7400000)]
  0x000002190fe94c50 JavaThread "Exec process Thread 58" [_thread_blocked, id=37508, stack(0x0000003bd7900000,0x0000003bd7a00000)]
  0x0000021912e29750 JavaThread "WorkerExecutor Queue Thread 25" [_thread_blocked, id=24164, stack(0x0000003bc7b00000,0x0000003bc7c00000)]

Other Threads:
  0x0000021947bbdb90 VMThread "VM Thread" [stack: 0x0000003bc5400000,0x0000003bc5500000] [id=18520]
  0x0000021948a271e0 WatcherThread [stack: 0x0000003bc6200000,0x0000003bc6300000] [id=11600]
  0x0000021924c1de50 GCTaskThread "GC Thread#0" [stack: 0x0000003bc4f00000,0x0000003bc5000000] [id=28824]
  0x000002197e6af970 GCTaskThread "GC Thread#1" [stack: 0x0000003bc6600000,0x0000003bc6700000] [id=31620]
  0x000002197e2c6bc0 GCTaskThread "GC Thread#2" [stack: 0x0000003bc6700000,0x0000003bc6800000] [id=32184]
  0x000002197e7c4900 GCTaskThread "GC Thread#3" [stack: 0x0000003bc6800000,0x0000003bc6900000] [id=13768]
  0x000002197e9d4c20 GCTaskThread "GC Thread#4" [stack: 0x0000003bc6900000,0x0000003bc6a00000] [id=27232]
  0x000002197eef8660 GCTaskThread "GC Thread#5" [stack: 0x0000003bc6d00000,0x0000003bc6e00000] [id=28616]
  0x000002197eef8be0 GCTaskThread "GC Thread#6" [stack: 0x0000003bc6e00000,0x0000003bc6f00000] [id=23504]
  0x000002197eef8920 GCTaskThread "GC Thread#7" [stack: 0x0000003bc6f00000,0x0000003bc7000000] [id=29448]
  0x000002197eef8ea0 GCTaskThread "GC Thread#8" [stack: 0x0000003bc7000000,0x0000003bc7100000] [id=31892]
  0x000002197eef96e0 GCTaskThread "GC Thread#9" [stack: 0x0000003bc7f00000,0x0000003bc8000000] [id=14520]
  0x0000021907e8cbc0 GCTaskThread "GC Thread#10" [stack: 0x0000003bc8000000,0x0000003bc8100000] [id=31836]
  0x0000021907e8ce80 GCTaskThread "GC Thread#11" [stack: 0x0000003bc8100000,0x0000003bc8200000] [id=20064]
  0x0000021907e8d140 GCTaskThread "GC Thread#12" [stack: 0x0000003bc8200000,0x0000003bc8300000] [id=23728]
  0x0000021924c2f980 ConcurrentGCThread "G1 Main Marker" [stack: 0x0000003bc5000000,0x0000003bc5100000] [id=29248]
  0x0000021924c30a50 ConcurrentGCThread "G1 Conc#0" [stack: 0x0000003bc5100000,0x0000003bc5200000] [id=28112]
  0x0000021907e8ef80 ConcurrentGCThread "G1 Conc#1" [stack: 0x0000003bc8300000,0x0000003bc8400000] [id=29980]
  0x0000021907e8d400 ConcurrentGCThread "G1 Conc#2" [stack: 0x0000003bc8400000,0x0000003bc8500000] [id=19928]
  0x0000021924c5e050 ConcurrentGCThread "G1 Refine#0" [stack: 0x0000003bc5200000,0x0000003bc5300000] [id=24748]
  0x0000021904f9d810 ConcurrentGCThread "G1 Refine#1" [stack: 0x0000003bc8b00000,0x0000003bc8c00000] [id=29864]
  0x0000021906cb9260 ConcurrentGCThread "G1 Refine#2" [stack: 0x0000003bd6800000,0x0000003bd6900000] [id=11768]
  0x000002190a17c0c0 ConcurrentGCThread "G1 Refine#3" [stack: 0x0000003bd6c00000,0x0000003bd6d00000] [id=30272]
  0x000002190a17bdd0 ConcurrentGCThread "G1 Refine#4" [stack: 0x0000003bd6d00000,0x0000003bd6e00000] [id=31828]
  0x0000021917200730 ConcurrentGCThread "G1 Refine#5" [stack: 0x0000003bc8900000,0x0000003bc8a00000] [id=30912]
  0x0000021914740d90 ConcurrentGCThread "G1 Refine#6" [stack: 0x0000003bc8a00000,0x0000003bc8b00000] [id=12436]
  0x000002190ff44410 ConcurrentGCThread "G1 Refine#7" [stack: 0x0000003bd5900000,0x0000003bd5a00000] [id=23416]
  0x00000219168ceda0 ConcurrentGCThread "G1 Refine#8" [stack: 0x0000003bd5a00000,0x0000003bd5b00000] [id=26788]
  0x0000021914dc4450 ConcurrentGCThread "G1 Refine#9" [stack: 0x0000003bd5b00000,0x0000003bd5c00000] [id=27068]
  0x0000021914dc3b80 ConcurrentGCThread "G1 Refine#10" [stack: 0x0000003bd5c00000,0x0000003bd5d00000] [id=15472]
  0x000002190ff44fd0 ConcurrentGCThread "G1 Refine#11" [stack: 0x0000003bd5d00000,0x0000003bd5e00000] [id=27764]
  0x00000219168cf090 ConcurrentGCThread "G1 Refine#12" [stack: 0x0000003bd6200000,0x0000003bd6300000] [id=27588]
  0x0000021924c5ec30 ConcurrentGCThread "G1 Service" [stack: 0x0000003bc5300000,0x0000003bc5400000] [id=2640]

Threads with active compile tasks:
C2 CompilerThread0  3410873 62053   !   4       org.jetbrains.kotlin.metadata.ProtoBuf$Function::<init> (1410 bytes)

VM state: not at safepoint (normal execution)

VM Mutex/Monitor currently owned by a thread: None

Heap address: 0x0000000700000000, size: 4096 MB, Compressed Oops mode: Zero based, Oop shift amount: 3

CDS archive(s) mapped at: [0x0000021949000000-0x0000021949bb0000-0x0000021949bb0000), size 12255232, SharedBaseAddress: 0x0000021949000000, ArchiveRelocationMode: 1.
Compressed class space mapped at: 0x000002194a000000-0x000002197e000000, reserved size: 872415232
Narrow klass base: 0x0000021949000000, Narrow klass shift: 0, Narrow klass range: 0x100000000

GC Precious Log:
 CPUs: 16 total, 16 available
 Memory: 14092M
 Large Page Support: Disabled
 NUMA Support: Disabled
 Compressed Oops: Enabled (Zero based)
 Heap Region Size: 2M
 Heap Min Capacity: 8M
 Heap Initial Capacity: 222M
 Heap Max Capacity: 4G
 Pre-touch: Disabled
 Parallel Workers: 13
 Concurrent Workers: 3
 Concurrent Refinement Workers: 13
 Periodic GC: Disabled

Heap:
 garbage-first heap   total 3377152K, used 1879630K [0x0000000700000000, 0x0000000800000000)
  region size 2048K, 373 young (763904K), 9 survivors (18432K)
 Metaspace       used 237798K, committed 242112K, reserved 1114112K
  class space    used 30271K, committed 32256K, reserved 851968K

Heap Regions: E=young(eden), S=young(survivor), O=old, HS=humongous(starts), HC=humongous(continues), CS=collection set, F=free, OA=open archive, CA=closed archive, TAMS=top-at-mark-start (previous, next)
|   0|0x0000000700000000, 0x0000000700200000, 0x0000000700200000|100%|HS|  |TAMS 0x0000000700200000, 0x0000000700000000| Complete 
|   1|0x0000000700200000, 0x0000000700400000, 0x0000000700400000|100%|HC|  |TAMS 0x0000000700400000, 0x0000000700200000| Complete 
|   2|0x0000000700400000, 0x0000000700600000, 0x0000000700600000|100%| O|  |TAMS 0x0000000700600000, 0x0000000700400000| Untracked 
|   3|0x0000000700600000, 0x0000000700800000, 0x0000000700800000|100%| O|  |TAMS 0x0000000700800000, 0x0000000700600000| Untracked 
|   4|0x0000000700800000, 0x0000000700a00000, 0x0000000700a00000|100%| O|  |TAMS 0x0000000700a00000, 0x0000000700800000| Untracked 
|   5|0x0000000700a00000, 0x0000000700c00000, 0x0000000700c00000|100%| O|  |TAMS 0x0000000700c00000, 0x0000000700a00000| Untracked 
|   6|0x0000000700c00000, 0x0000000700e00000, 0x0000000700e00000|100%| O|  |TAMS 0x0000000700e00000, 0x0000000700c00000| Untracked 
|   7|0x0000000700e00000, 0x0000000701000000, 0x0000000701000000|100%| O|  |TAMS 0x0000000701000000, 0x0000000700e00000| Untracked 
|   8|0x0000000701000000, 0x0000000701200000, 0x0000000701200000|100%| O|  |TAMS 0x0000000701200000, 0x0000000701000000| Untracked 
|   9|0x0000000701200000, 0x0000000701400000, 0x0000000701400000|100%| O|  |TAMS 0x0000000701400000, 0x0000000701200000| Untracked 
|  10|0x0000000701400000, 0x0000000701600000, 0x0000000701600000|100%| O|  |TAMS 0x0000000701600000, 0x0000000701400000| Untracked 
|  11|0x0000000701600000, 0x0000000701800000, 0x0000000701800000|100%| O|  |TAMS 0x0000000701800000, 0x0000000701600000| Untracked 
|  12|0x0000000701800000, 0x0000000701a00000, 0x0000000701a00000|100%| O|  |TAMS 0x0000000701a00000, 0x0000000701800000| Untracked 
|  13|0x0000000701a00000, 0x0000000701c00000, 0x0000000701c00000|100%| O|  |TAMS 0x0000000701c00000, 0x0000000701a00000| Untracked 
|  14|0x0000000701c00000, 0x0000000701e00000, 0x0000000701e00000|100%| O|  |TAMS 0x0000000701e00000, 0x0000000701c00000| Untracked 
|  15|0x0000000701e00000, 0x0000000702000000, 0x0000000702000000|100%| O|  |TAMS 0x0000000702000000, 0x0000000701e00000| Untracked 
|  16|0x0000000702000000, 0x0000000702200000, 0x0000000702200000|100%| O|  |TAMS 0x0000000702200000, 0x0000000702000000| Untracked 
|  17|0x0000000702200000, 0x0000000702400000, 0x0000000702400000|100%| O|  |TAMS 0x0000000702400000, 0x0000000702200000| Untracked 
|  18|0x0000000702400000, 0x0000000702600000, 0x0000000702600000|100%| O|  |TAMS 0x0000000702600000, 0x0000000702400000| Untracked 
|  19|0x0000000702600000, 0x0000000702800000, 0x0000000702800000|100%| O|  |TAMS 0x0000000702800000, 0x0000000702600000| Untracked 
|  20|0x0000000702800000, 0x0000000702a00000, 0x0000000702a00000|100%| O|  |TAMS 0x0000000702a00000, 0x0000000702800000| Untracked 
|  21|0x0000000702a00000, 0x0000000702c00000, 0x0000000702c00000|100%| O|  |TAMS 0x0000000702c00000, 0x0000000702a00000| Untracked 
|  22|0x0000000702c00000, 0x0000000702e00000, 0x0000000702e00000|100%| O|  |TAMS 0x0000000702e00000, 0x0000000702c00000| Untracked 
|  23|0x0000000702e00000, 0x0000000703000000, 0x0000000703000000|100%|HS|  |TAMS 0x0000000703000000, 0x0000000702e00000| Complete 
|  24|0x0000000703000000, 0x0000000703200000, 0x0000000703200000|100%|HS|  |TAMS 0x0000000703200000, 0x0000000703000000| Complete 
|  25|0x0000000703200000, 0x0000000703400000, 0x0000000703400000|100%|HS|  |TAMS 0x0000000703400000, 0x0000000703200000| Complete 
|  26|0x0000000703400000, 0x0000000703600000, 0x0000000703600000|100%|HC|  |TAMS 0x0000000703600000, 0x0000000703400000| Complete 
|  27|0x0000000703600000, 0x0000000703800000, 0x0000000703800000|100%|HS|  |TAMS 0x0000000703800000, 0x0000000703600000| Complete 
|  28|0x0000000703800000, 0x0000000703a00000, 0x0000000703a00000|100%|HC|  |TAMS 0x0000000703a00000, 0x0000000703800000| Complete 
|  29|0x0000000703a00000, 0x0000000703c00000, 0x0000000703c00000|100%| O|  |TAMS 0x0000000703c00000, 0x0000000703a00000| Untracked 
|  30|0x0000000703c00000, 0x0000000703e00000, 0x0000000703e00000|100%| O|  |TAMS 0x0000000703e00000, 0x0000000703c00000| Untracked 
|  31|0x0000000703e00000, 0x0000000704000000, 0x0000000704000000|100%| O|  |TAMS 0x0000000704000000, 0x0000000703e00000| Untracked 
|  32|0x0000000704000000, 0x0000000704200000, 0x0000000704200000|100%| O|  |TAMS 0x0000000704200000, 0x0000000704000000| Untracked 
|  33|0x0000000704200000, 0x0000000704400000, 0x0000000704400000|100%| O|  |TAMS 0x0000000704400000, 0x0000000704200000| Untracked 
|  34|0x0000000704400000, 0x0000000704600000, 0x0000000704600000|100%| O|  |TAMS 0x0000000704600000, 0x0000000704400000| Untracked 
|  35|0x0000000704600000, 0x0000000704800000, 0x0000000704800000|100%| O|  |TAMS 0x0000000704800000, 0x0000000704600000| Untracked 
|  36|0x0000000704800000, 0x0000000704a00000, 0x0000000704a00000|100%| O|  |TAMS 0x0000000704a00000, 0x0000000704800000| Untracked 
|  37|0x0000000704a00000, 0x0000000704c00000, 0x0000000704c00000|100%| O|  |TAMS 0x0000000704c00000, 0x0000000704a00000| Untracked 
|  38|0x0000000704c00000, 0x0000000704e00000, 0x0000000704e00000|100%| O|  |TAMS 0x0000000704e00000, 0x0000000704c00000| Untracked 
|  39|0x0000000704e00000, 0x0000000705000000, 0x0000000705000000|100%| O|  |TAMS 0x0000000705000000, 0x0000000704e00000| Untracked 
|  40|0x0000000705000000, 0x0000000705200000, 0x0000000705200000|100%| O|  |TAMS 0x0000000705200000, 0x0000000705000000| Untracked 
|  41|0x0000000705200000, 0x0000000705400000, 0x0000000705400000|100%| O|  |TAMS 0x0000000705400000, 0x0000000705200000| Untracked 
|  42|0x0000000705400000, 0x0000000705600000, 0x0000000705600000|100%| O|  |TAMS 0x0000000705600000, 0x0000000705400000| Untracked 
|  43|0x0000000705600000, 0x0000000705800000, 0x0000000705800000|100%| O|  |TAMS 0x0000000705800000, 0x0000000705600000| Untracked 
|  44|0x0000000705800000, 0x0000000705a00000, 0x0000000705a00000|100%| O|  |TAMS 0x0000000705a00000, 0x0000000705800000| Untracked 
|  45|0x0000000705a00000, 0x0000000705c00000, 0x0000000705c00000|100%| O|  |TAMS 0x0000000705c00000, 0x0000000705a00000| Untracked 
|  46|0x0000000705c00000, 0x0000000705e00000, 0x0000000705e00000|100%| O|  |TAMS 0x0000000705e00000, 0x0000000705c00000| Untracked 
|  47|0x0000000705e00000, 0x0000000706000000, 0x0000000706000000|100%|HS|  |TAMS 0x0000000706000000, 0x0000000705e00000| Complete 
|  48|0x0000000706000000, 0x0000000706200000, 0x0000000706200000|100%| O|  |TAMS 0x0000000706200000, 0x0000000706000000| Untracked 
|  49|0x0000000706200000, 0x0000000706400000, 0x0000000706400000|100%| O|  |TAMS 0x0000000706400000, 0x0000000706200000| Untracked 
|  50|0x0000000706400000, 0x0000000706600000, 0x0000000706600000|100%| O|  |TAMS 0x0000000706600000, 0x0000000706400000| Untracked 
|  51|0x0000000706600000, 0x0000000706800000, 0x0000000706800000|100%| O|  |TAMS 0x0000000706800000, 0x0000000706600000| Untracked 
|  52|0x0000000706800000, 0x0000000706a00000, 0x0000000706a00000|100%| O|  |TAMS 0x0000000706a00000, 0x0000000706800000| Untracked 
|  53|0x0000000706a00000, 0x0000000706c00000, 0x0000000706c00000|100%| O|  |TAMS 0x0000000706c00000, 0x0000000706a00000| Untracked 
|  54|0x0000000706c00000, 0x0000000706e00000, 0x0000000706e00000|100%| O|  |TAMS 0x0000000706e00000, 0x0000000706c00000| Untracked 
|  55|0x0000000706e00000, 0x0000000707000000, 0x0000000707000000|100%| O|  |TAMS 0x0000000707000000, 0x0000000706e00000| Untracked 
|  56|0x0000000707000000, 0x0000000707200000, 0x0000000707200000|100%| O|  |TAMS 0x0000000707200000, 0x0000000707000000| Complete 
|  57|0x0000000707200000, 0x0000000707400000, 0x0000000707400000|100%| O|  |TAMS 0x0000000707400000, 0x0000000707200000| Untracked 
|  58|0x0000000707400000, 0x0000000707600000, 0x0000000707600000|100%| O|  |TAMS 0x0000000707600000, 0x0000000707400000| Untracked 
|  59|0x0000000707600000, 0x0000000707800000, 0x0000000707800000|100%| O|  |TAMS 0x0000000707800000, 0x0000000707600000| Untracked 
|  60|0x0000000707800000, 0x0000000707a00000, 0x0000000707a00000|100%| O|  |TAMS 0x0000000707a00000, 0x0000000707800000| Untracked 
|  61|0x0000000707a00000, 0x0000000707c00000, 0x0000000707c00000|100%|HS|  |TAMS 0x0000000707c00000, 0x0000000707a00000| Complete 
|  62|0x0000000707c00000, 0x0000000707e00000, 0x0000000707e00000|100%| O|  |TAMS 0x0000000707e00000, 0x0000000707c00000| Untracked 
|  63|0x0000000707e00000, 0x0000000708000000, 0x0000000708000000|100%| O|  |TAMS 0x0000000708000000, 0x0000000707e00000| Untracked 
|  64|0x0000000708000000, 0x0000000708200000, 0x0000000708200000|100%| O|  |TAMS 0x0000000708200000, 0x0000000708000000| Untracked 
|  65|0x0000000708200000, 0x0000000708400000, 0x0000000708400000|100%| O|  |TAMS 0x0000000708400000, 0x0000000708200000| Untracked 
|  66|0x0000000708400000, 0x0000000708600000, 0x0000000708600000|100%| O|  |TAMS 0x0000000708600000, 0x0000000708400000| Untracked 
|  67|0x0000000708600000, 0x0000000708800000, 0x0000000708800000|100%| O|  |TAMS 0x0000000708800000, 0x0000000708600000| Untracked 
|  68|0x0000000708800000, 0x0000000708a00000, 0x0000000708a00000|100%| O|  |TAMS 0x0000000708a00000, 0x0000000708800000| Untracked 
|  69|0x0000000708a00000, 0x0000000708c00000, 0x0000000708c00000|100%| O|  |TAMS 0x0000000708c00000, 0x0000000708a00000| Untracked 
|  70|0x0000000708c00000, 0x0000000708e00000, 0x0000000708e00000|100%| O|  |TAMS 0x0000000708e00000, 0x0000000708c00000| Untracked 
|  71|0x0000000708e00000, 0x0000000709000000, 0x0000000709000000|100%| O|  |TAMS 0x0000000709000000, 0x0000000708e00000| Untracked 
|  72|0x0000000709000000, 0x0000000709200000, 0x0000000709200000|100%| O|  |TAMS 0x0000000709200000, 0x0000000709000000| Untracked 
|  73|0x0000000709200000, 0x0000000709400000, 0x0000000709400000|100%| O|  |TAMS 0x0000000709400000, 0x0000000709200000| Untracked 
|  74|0x0000000709400000, 0x0000000709600000, 0x0000000709600000|100%| O|  |TAMS 0x0000000709600000, 0x0000000709400000| Untracked 
|  75|0x0000000709600000, 0x0000000709800000, 0x0000000709800000|100%| O|  |TAMS 0x0000000709800000, 0x0000000709600000| Untracked 
|  76|0x0000000709800000, 0x0000000709a00000, 0x0000000709a00000|100%| O|  |TAMS 0x0000000709a00000, 0x0000000709800000| Untracked 
|  77|0x0000000709a00000, 0x0000000709c00000, 0x0000000709c00000|100%| O|  |TAMS 0x0000000709c00000, 0x0000000709a00000| Untracked 
|  78|0x0000000709c00000, 0x0000000709e00000, 0x0000000709e00000|100%| O|  |TAMS 0x0000000709e00000, 0x0000000709c00000| Untracked 
|  79|0x0000000709e00000, 0x000000070a000000, 0x000000070a000000|100%| O|  |TAMS 0x000000070a000000, 0x0000000709e00000| Untracked 
|  80|0x000000070a000000, 0x000000070a200000, 0x000000070a200000|100%| O|  |TAMS 0x000000070a200000, 0x000000070a000000| Untracked 
|  81|0x000000070a200000, 0x000000070a400000, 0x000000070a400000|100%| O|  |TAMS 0x000000070a400000, 0x000000070a200000| Untracked 
|  82|0x000000070a400000, 0x000000070a600000, 0x000000070a600000|100%| O|  |TAMS 0x000000070a600000, 0x000000070a400000| Untracked 
|  83|0x000000070a600000, 0x000000070a800000, 0x000000070a800000|100%| O|  |TAMS 0x000000070a800000, 0x000000070a600000| Untracked 
|  84|0x000000070a800000, 0x000000070aa00000, 0x000000070aa00000|100%| O|  |TAMS 0x000000070aa00000, 0x000000070a800000| Untracked 
|  85|0x000000070aa00000, 0x000000070ac00000, 0x000000070ac00000|100%| O|  |TAMS 0x000000070ac00000, 0x000000070aa00000| Untracked 
|  86|0x000000070ac00000, 0x000000070ae00000, 0x000000070ae00000|100%| O|  |TAMS 0x000000070ae00000, 0x000000070ac00000| Untracked 
|  87|0x000000070ae00000, 0x000000070b000000, 0x000000070b000000|100%| O|  |TAMS 0x000000070b000000, 0x000000070ae00000| Untracked 
|  88|0x000000070b000000, 0x000000070b200000, 0x000000070b200000|100%| O|  |TAMS 0x000000070b200000, 0x000000070b000000| Untracked 
|  89|0x000000070b200000, 0x000000070b400000, 0x000000070b400000|100%| O|  |TAMS 0x000000070b400000, 0x000000070b200000| Untracked 
|  90|0x000000070b400000, 0x000000070b600000, 0x000000070b600000|100%| O|  |TAMS 0x000000070b600000, 0x000000070b400000| Untracked 
|  91|0x000000070b600000, 0x000000070b800000, 0x000000070b800000|100%| O|  |TAMS 0x000000070b800000, 0x000000070b600000| Untracked 
|  92|0x000000070b800000, 0x000000070ba00000, 0x000000070ba00000|100%| O|  |TAMS 0x000000070ba00000, 0x000000070b800000| Untracked 
|  93|0x000000070ba00000, 0x000000070bc00000, 0x000000070bc00000|100%| O|  |TAMS 0x000000070bc00000, 0x000000070ba00000| Untracked 
|  94|0x000000070bc00000, 0x000000070be00000, 0x000000070be00000|100%| O|  |TAMS 0x000000070be00000, 0x000000070bc00000| Untracked 
|  95|0x000000070be00000, 0x000000070c000000, 0x000000070c000000|100%| O|  |TAMS 0x000000070c000000, 0x000000070be00000| Untracked 
|  96|0x000000070c000000, 0x000000070c200000, 0x000000070c200000|100%| O|  |TAMS 0x000000070c200000, 0x000000070c000000| Untracked 
|  97|0x000000070c200000, 0x000000070c400000, 0x000000070c400000|100%| O|  |TAMS 0x000000070c400000, 0x000000070c200000| Untracked 
|  98|0x000000070c400000, 0x000000070c600000, 0x000000070c600000|100%| O|  |TAMS 0x000000070c600000, 0x000000070c400000| Untracked 
|  99|0x000000070c600000, 0x000000070c800000, 0x000000070c800000|100%| O|  |TAMS 0x000000070c800000, 0x000000070c600000| Untracked 
| 100|0x000000070c800000, 0x000000070ca00000, 0x000000070ca00000|100%| O|  |TAMS 0x000000070ca00000, 0x000000070c800000| Untracked 
| 101|0x000000070ca00000, 0x000000070cc00000, 0x000000070cc00000|100%| O|  |TAMS 0x000000070cc00000, 0x000000070ca00000| Untracked 
| 102|0x000000070cc00000, 0x000000070ce00000, 0x000000070ce00000|100%| O|  |TAMS 0x000000070ce00000, 0x000000070cc00000| Untracked 
| 103|0x000000070ce00000, 0x000000070d000000, 0x000000070d000000|100%| O|  |TAMS 0x000000070d000000, 0x000000070ce00000| Untracked 
| 104|0x000000070d000000, 0x000000070d200000, 0x000000070d200000|100%| O|  |TAMS 0x000000070d200000, 0x000000070d000000| Untracked 
| 105|0x000000070d200000, 0x000000070d400000, 0x000000070d400000|100%| O|  |TAMS 0x000000070d400000, 0x000000070d200000| Untracked 
| 106|0x000000070d400000, 0x000000070d600000, 0x000000070d600000|100%| O|  |TAMS 0x000000070d600000, 0x000000070d400000| Untracked 
| 107|0x000000070d600000, 0x000000070d800000, 0x000000070d800000|100%| O|  |TAMS 0x000000070d800000, 0x000000070d600000| Untracked 
| 108|0x000000070d800000, 0x000000070da00000, 0x000000070da00000|100%| O|  |TAMS 0x000000070da00000, 0x000000070d800000| Untracked 
| 109|0x000000070da00000, 0x000000070dc00000, 0x000000070dc00000|100%| O|  |TAMS 0x000000070dc00000, 0x000000070da00000| Untracked 
| 110|0x000000070dc00000, 0x000000070de00000, 0x000000070de00000|100%| O|  |TAMS 0x000000070de00000, 0x000000070dc00000| Untracked 
| 111|0x000000070de00000, 0x000000070e000000, 0x000000070e000000|100%| O|  |TAMS 0x000000070e000000, 0x000000070de00000| Untracked 
| 112|0x000000070e000000, 0x000000070e200000, 0x000000070e200000|100%| O|  |TAMS 0x000000070e200000, 0x000000070e000000| Untracked 
| 113|0x000000070e200000, 0x000000070e400000, 0x000000070e400000|100%| O|  |TAMS 0x000000070e400000, 0x000000070e200000| Untracked 
| 114|0x000000070e400000, 0x000000070e600000, 0x000000070e600000|100%| O|  |TAMS 0x000000070e600000, 0x000000070e400000| Untracked 
| 115|0x000000070e600000, 0x000000070e800000, 0x000000070e800000|100%| O|  |TAMS 0x000000070e800000, 0x000000070e600000| Untracked 
| 116|0x000000070e800000, 0x000000070ea00000, 0x000000070ea00000|100%| O|  |TAMS 0x000000070ea00000, 0x000000070e800000| Untracked 
| 117|0x000000070ea00000, 0x000000070ec00000, 0x000000070ec00000|100%| O|  |TAMS 0x000000070ec00000, 0x000000070ea00000| Untracked 
| 118|0x000000070ec00000, 0x000000070ee00000, 0x000000070ee00000|100%| O|  |TAMS 0x000000070ee00000, 0x000000070ec00000| Untracked 
| 119|0x000000070ee00000, 0x000000070f000000, 0x000000070f000000|100%| O|  |TAMS 0x000000070f000000, 0x000000070ee00000| Untracked 
| 120|0x000000070f000000, 0x000000070f200000, 0x000000070f200000|100%| O|  |TAMS 0x000000070f200000, 0x000000070f000000| Untracked 
| 121|0x000000070f200000, 0x000000070f400000, 0x000000070f400000|100%| O|  |TAMS 0x000000070f400000, 0x000000070f200000| Untracked 
| 122|0x000000070f400000, 0x000000070f600000, 0x000000070f600000|100%| O|  |TAMS 0x000000070f600000, 0x000000070f400000| Untracked 
| 123|0x000000070f600000, 0x000000070f800000, 0x000000070f800000|100%| O|  |TAMS 0x000000070f800000, 0x000000070f600000| Untracked 
| 124|0x000000070f800000, 0x000000070fa00000, 0x000000070fa00000|100%| O|  |TAMS 0x000000070fa00000, 0x000000070f800000| Untracked 
| 125|0x000000070fa00000, 0x000000070fc00000, 0x000000070fc00000|100%| O|  |TAMS 0x000000070fc00000, 0x000000070fa00000| Untracked 
| 126|0x000000070fc00000, 0x000000070fe00000, 0x000000070fe00000|100%| O|  |TAMS 0x000000070fe00000, 0x000000070fc00000| Complete 
| 127|0x000000070fe00000, 0x0000000710000000, 0x0000000710000000|100%| O|  |TAMS 0x0000000710000000, 0x000000070fe00000| Untracked 
| 128|0x0000000710000000, 0x0000000710200000, 0x0000000710200000|100%| O|  |TAMS 0x0000000710200000, 0x0000000710000000| Untracked 
| 129|0x0000000710200000, 0x0000000710400000, 0x0000000710400000|100%| O|  |TAMS 0x0000000710400000, 0x0000000710200000| Untracked 
| 130|0x0000000710400000, 0x0000000710600000, 0x0000000710600000|100%| O|  |TAMS 0x0000000710600000, 0x0000000710400000| Untracked 
| 131|0x0000000710600000, 0x0000000710800000, 0x0000000710800000|100%| O|  |TAMS 0x0000000710800000, 0x0000000710600000| Untracked 
| 132|0x0000000710800000, 0x0000000710a00000, 0x0000000710a00000|100%| O|  |TAMS 0x0000000710a00000, 0x0000000710800000| Untracked 
| 133|0x0000000710a00000, 0x0000000710c00000, 0x0000000710c00000|100%| O|  |TAMS 0x0000000710c00000, 0x0000000710a00000| Untracked 
| 134|0x0000000710c00000, 0x0000000710e00000, 0x0000000710e00000|100%| O|  |TAMS 0x0000000710e00000, 0x0000000710c00000| Untracked 
| 135|0x0000000710e00000, 0x0000000711000000, 0x0000000711000000|100%| O|  |TAMS 0x0000000711000000, 0x0000000710e00000| Untracked 
| 136|0x0000000711000000, 0x0000000711200000, 0x0000000711200000|100%| O|  |TAMS 0x0000000711200000, 0x0000000711000000| Untracked 
| 137|0x0000000711200000, 0x0000000711400000, 0x0000000711400000|100%| O|  |TAMS 0x0000000711400000, 0x0000000711200000| Untracked 
| 138|0x0000000711400000, 0x0000000711600000, 0x0000000711600000|100%| O|  |TAMS 0x0000000711600000, 0x0000000711400000| Untracked 
| 139|0x0000000711600000, 0x0000000711800000, 0x0000000711800000|100%| O|  |TAMS 0x0000000711800000, 0x0000000711600000| Untracked 
| 140|0x0000000711800000, 0x0000000711a00000, 0x0000000711a00000|100%| O|  |TAMS 0x0000000711a00000, 0x0000000711800000| Untracked 
| 141|0x0000000711a00000, 0x0000000711c00000, 0x0000000711c00000|100%| O|  |TAMS 0x0000000711c00000, 0x0000000711a00000| Complete 
| 142|0x0000000711c00000, 0x0000000711e00000, 0x0000000711e00000|100%| O|  |TAMS 0x0000000711e00000, 0x0000000711c00000| Untracked 
| 143|0x0000000711e00000, 0x0000000712000000, 0x0000000712000000|100%| O|  |TAMS 0x0000000712000000, 0x0000000711e00000| Untracked 
| 144|0x0000000712000000, 0x0000000712200000, 0x0000000712200000|100%| O|  |TAMS 0x0000000712200000, 0x0000000712000000| Untracked 
| 145|0x0000000712200000, 0x0000000712400000, 0x0000000712400000|100%| O|  |TAMS 0x0000000712400000, 0x0000000712200000| Untracked 
| 146|0x0000000712400000, 0x0000000712600000, 0x0000000712600000|100%| O|  |TAMS 0x0000000712600000, 0x0000000712400000| Untracked 
| 147|0x0000000712600000, 0x0000000712800000, 0x0000000712800000|100%| O|  |TAMS 0x0000000712800000, 0x0000000712600000| Untracked 
| 148|0x0000000712800000, 0x0000000712a00000, 0x0000000712a00000|100%| O|  |TAMS 0x0000000712a00000, 0x0000000712800000| Untracked 
| 149|0x0000000712a00000, 0x0000000712c00000, 0x0000000712c00000|100%| O|  |TAMS 0x0000000712c00000, 0x0000000712a00000| Untracked 
| 150|0x0000000712c00000, 0x0000000712e00000, 0x0000000712e00000|100%| O|  |TAMS 0x0000000712e00000, 0x0000000712c00000| Untracked 
| 151|0x0000000712e00000, 0x0000000713000000, 0x0000000713000000|100%| O|  |TAMS 0x0000000713000000, 0x0000000712e00000| Untracked 
| 152|0x0000000713000000, 0x0000000713200000, 0x0000000713200000|100%| O|  |TAMS 0x0000000713200000, 0x0000000713000000| Untracked 
| 153|0x0000000713200000, 0x0000000713400000, 0x0000000713400000|100%| O|  |TAMS 0x0000000713400000, 0x0000000713200000| Untracked 
| 154|0x0000000713400000, 0x0000000713600000, 0x0000000713600000|100%| O|  |TAMS 0x0000000713600000, 0x0000000713400000| Untracked 
| 155|0x0000000713600000, 0x0000000713800000, 0x0000000713800000|100%| O|  |TAMS 0x0000000713800000, 0x0000000713600000| Untracked 
| 156|0x0000000713800000, 0x0000000713a00000, 0x0000000713a00000|100%| O|  |TAMS 0x0000000713a00000, 0x0000000713800000| Untracked 
| 157|0x0000000713a00000, 0x0000000713c00000, 0x0000000713c00000|100%|HS|  |TAMS 0x0000000713c00000, 0x0000000713a00000| Complete 
| 158|0x0000000713c00000, 0x0000000713e00000, 0x0000000713e00000|100%| O|  |TAMS 0x0000000713e00000, 0x0000000713c00000| Untracked 
| 159|0x0000000713e00000, 0x0000000714000000, 0x0000000714000000|100%| O|  |TAMS 0x0000000714000000, 0x0000000713e00000| Untracked 
| 160|0x0000000714000000, 0x0000000714200000, 0x0000000714200000|100%|HS|  |TAMS 0x0000000714000000, 0x0000000714000000| Complete 
| 161|0x0000000714200000, 0x0000000714400000, 0x0000000714400000|100%| O|  |TAMS 0x0000000714400000, 0x0000000714200000| Untracked 
| 162|0x0000000714400000, 0x0000000714600000, 0x0000000714600000|100%| O|  |TAMS 0x0000000714600000, 0x0000000714400000| Untracked 
| 163|0x0000000714600000, 0x0000000714800000, 0x0000000714800000|100%| O|  |TAMS 0x0000000714800000, 0x0000000714600000| Untracked 
| 164|0x0000000714800000, 0x0000000714a00000, 0x0000000714a00000|100%| O|  |TAMS 0x0000000714a00000, 0x0000000714800000| Untracked 
| 165|0x0000000714a00000, 0x0000000714c00000, 0x0000000714c00000|100%| O|  |TAMS 0x0000000714c00000, 0x0000000714a00000| Untracked 
| 166|0x0000000714c00000, 0x0000000714e00000, 0x0000000714e00000|100%|HS|  |TAMS 0x0000000714e00000, 0x0000000714c00000| Complete 
| 167|0x0000000714e00000, 0x0000000715000000, 0x0000000715000000|100%|HS|  |TAMS 0x0000000715000000, 0x0000000714e00000| Complete 
| 168|0x0000000715000000, 0x0000000715200000, 0x0000000715200000|100%| O|  |TAMS 0x0000000715200000, 0x0000000715000000| Untracked 
| 169|0x0000000715200000, 0x0000000715400000, 0x0000000715400000|100%| O|  |TAMS 0x0000000715400000, 0x0000000715200000| Untracked 
| 170|0x0000000715400000, 0x0000000715600000, 0x0000000715600000|100%| O|  |TAMS 0x0000000715600000, 0x0000000715400000| Untracked 
| 171|0x0000000715600000, 0x0000000715800000, 0x0000000715800000|100%| O|  |TAMS 0x0000000715800000, 0x0000000715600000| Untracked 
| 172|0x0000000715800000, 0x0000000715a00000, 0x0000000715a00000|100%| O|  |TAMS 0x0000000715a00000, 0x0000000715800000| Untracked 
| 173|0x0000000715a00000, 0x0000000715c00000, 0x0000000715c00000|100%| O|  |TAMS 0x0000000715c00000, 0x0000000715a00000| Complete 
| 174|0x0000000715c00000, 0x0000000715e00000, 0x0000000715e00000|100%| O|  |TAMS 0x0000000715e00000, 0x0000000715c00000| Untracked 
| 175|0x0000000715e00000, 0x0000000716000000, 0x0000000716000000|100%| O|  |TAMS 0x0000000716000000, 0x0000000715e00000| Complete 
| 176|0x0000000716000000, 0x0000000716200000, 0x0000000716200000|100%| O|  |TAMS 0x0000000716200000, 0x0000000716000000| Untracked 
| 177|0x0000000716200000, 0x0000000716400000, 0x0000000716400000|100%| O|  |TAMS 0x0000000716400000, 0x0000000716200000| Untracked 
| 178|0x0000000716400000, 0x0000000716600000, 0x0000000716600000|100%| O|  |TAMS 0x0000000716600000, 0x0000000716400000| Untracked 
| 179|0x0000000716600000, 0x0000000716800000, 0x0000000716800000|100%| O|  |TAMS 0x0000000716800000, 0x0000000716600000| Untracked 
| 180|0x0000000716800000, 0x0000000716a00000, 0x0000000716a00000|100%| O|  |TAMS 0x0000000716a00000, 0x0000000716800000| Untracked 
| 181|0x0000000716a00000, 0x0000000716c00000, 0x0000000716c00000|100%| O|  |TAMS 0x0000000716c00000, 0x0000000716a00000| Untracked 
| 182|0x0000000716c00000, 0x0000000716e00000, 0x0000000716e00000|100%| O|  |TAMS 0x0000000716e00000, 0x0000000716c00000| Untracked 
| 183|0x0000000716e00000, 0x0000000717000000, 0x0000000717000000|100%| O|  |TAMS 0x0000000717000000, 0x0000000716e00000| Untracked 
| 184|0x0000000717000000, 0x0000000717200000, 0x0000000717200000|100%| O|  |TAMS 0x0000000717200000, 0x0000000717000000| Untracked 
| 185|0x0000000717200000, 0x0000000717400000, 0x0000000717400000|100%| O|  |TAMS 0x0000000717400000, 0x0000000717200000| Untracked 
| 186|0x0000000717400000, 0x0000000717600000, 0x0000000717600000|100%| O|  |TAMS 0x0000000717600000, 0x0000000717400000| Untracked 
| 187|0x0000000717600000, 0x0000000717800000, 0x0000000717800000|100%| O|  |TAMS 0x0000000717800000, 0x0000000717600000| Untracked 
| 188|0x0000000717800000, 0x0000000717a00000, 0x0000000717a00000|100%| O|  |TAMS 0x0000000717a00000, 0x0000000717800000| Untracked 
| 189|0x0000000717a00000, 0x0000000717c00000, 0x0000000717c00000|100%| O|  |TAMS 0x0000000717c00000, 0x0000000717a00000| Untracked 
| 190|0x0000000717c00000, 0x0000000717e00000, 0x0000000717e00000|100%| O|  |TAMS 0x0000000717e00000, 0x0000000717c00000| Untracked 
| 191|0x0000000717e00000, 0x0000000718000000, 0x0000000718000000|100%| O|  |TAMS 0x0000000718000000, 0x0000000717e00000| Complete 
| 192|0x0000000718000000, 0x0000000718200000, 0x0000000718200000|100%| O|  |TAMS 0x0000000718200000, 0x0000000718000000| Untracked 
| 193|0x0000000718200000, 0x0000000718400000, 0x0000000718400000|100%| O|  |TAMS 0x0000000718400000, 0x0000000718200000| Untracked 
| 194|0x0000000718400000, 0x0000000718600000, 0x0000000718600000|100%|HS|  |TAMS 0x0000000718400000, 0x0000000718400000| Complete 
| 195|0x0000000718600000, 0x0000000718800000, 0x0000000718800000|100%| O|  |TAMS 0x0000000718800000, 0x0000000718600000| Untracked 
| 196|0x0000000718800000, 0x0000000718a00000, 0x0000000718a00000|100%| O|  |TAMS 0x0000000718a00000, 0x0000000718800000| Untracked 
| 197|0x0000000718a00000, 0x0000000718c00000, 0x0000000718c00000|100%| O|  |TAMS 0x0000000718c00000, 0x0000000718a00000| Untracked 
| 198|0x0000000718c00000, 0x0000000718e00000, 0x0000000718e00000|100%| O|  |TAMS 0x0000000718e00000, 0x0000000718c00000| Untracked 
| 199|0x0000000718e00000, 0x0000000719000000, 0x0000000719000000|100%| O|  |TAMS 0x0000000719000000, 0x0000000718e00000| Untracked 
| 200|0x0000000719000000, 0x0000000719200000, 0x0000000719200000|100%| O|  |TAMS 0x0000000719200000, 0x0000000719000000| Untracked 
| 201|0x0000000719200000, 0x0000000719400000, 0x0000000719400000|100%| O|  |TAMS 0x0000000719400000, 0x0000000719200000| Untracked 
| 202|0x0000000719400000, 0x0000000719600000, 0x0000000719600000|100%| O|  |TAMS 0x0000000719600000, 0x0000000719400000| Untracked 
| 203|0x0000000719600000, 0x0000000719800000, 0x0000000719800000|100%| O|  |TAMS 0x0000000719800000, 0x0000000719600000| Untracked 
| 204|0x0000000719800000, 0x0000000719a00000, 0x0000000719a00000|100%| O|  |TAMS 0x0000000719a00000, 0x0000000719800000| Complete 
| 205|0x0000000719a00000, 0x0000000719c00000, 0x0000000719c00000|100%| O|  |TAMS 0x0000000719c00000, 0x0000000719a00000| Untracked 
| 206|0x0000000719c00000, 0x0000000719e00000, 0x0000000719e00000|100%| O|  |TAMS 0x0000000719e00000, 0x0000000719c00000| Untracked 
| 207|0x0000000719e00000, 0x000000071a000000, 0x000000071a000000|100%| O|  |TAMS 0x000000071a000000, 0x0000000719e00000| Untracked 
| 208|0x000000071a000000, 0x000000071a200000, 0x000000071a200000|100%| O|  |TAMS 0x000000071a200000, 0x000000071a000000| Untracked 
| 209|0x000000071a200000, 0x000000071a400000, 0x000000071a400000|100%| O|  |TAMS 0x000000071a400000, 0x000000071a200000| Untracked 
| 210|0x000000071a400000, 0x000000071a600000, 0x000000071a600000|100%| O|  |TAMS 0x000000071a600000, 0x000000071a400000| Untracked 
| 211|0x000000071a600000, 0x000000071a800000, 0x000000071a800000|100%| O|  |TAMS 0x000000071a800000, 0x000000071a600000| Untracked 
| 212|0x000000071a800000, 0x000000071aa00000, 0x000000071aa00000|100%| O|  |TAMS 0x000000071aa00000, 0x000000071a800000| Untracked 
| 213|0x000000071aa00000, 0x000000071ac00000, 0x000000071ac00000|100%| O|  |TAMS 0x000000071ac00000, 0x000000071aa00000| Untracked 
| 214|0x000000071ac00000, 0x000000071ae00000, 0x000000071ae00000|100%| O|  |TAMS 0x000000071ae00000, 0x000000071ac00000| Untracked 
| 215|0x000000071ae00000, 0x000000071b000000, 0x000000071b000000|100%| O|  |TAMS 0x000000071b000000, 0x000000071ae00000| Untracked 
| 216|0x000000071b000000, 0x000000071b200000, 0x000000071b200000|100%| O|  |TAMS 0x000000071b200000, 0x000000071b000000| Untracked 
| 217|0x000000071b200000, 0x000000071b400000, 0x000000071b400000|100%| O|  |TAMS 0x000000071b400000, 0x000000071b200000| Untracked 
| 218|0x000000071b400000, 0x000000071b600000, 0x000000071b600000|100%| O|  |TAMS 0x000000071b600000, 0x000000071b400000| Untracked 
| 219|0x000000071b600000, 0x000000071b800000, 0x000000071b800000|100%| O|  |TAMS 0x000000071b800000, 0x000000071b600000| Complete 
| 220|0x000000071b800000, 0x000000071ba00000, 0x000000071ba00000|100%| O|  |TAMS 0x000000071ba00000, 0x000000071b800000| Untracked 
| 221|0x000000071ba00000, 0x000000071bc00000, 0x000000071bc00000|100%| O|  |TAMS 0x000000071bc00000, 0x000000071ba00000| Untracked 
| 222|0x000000071bc00000, 0x000000071be00000, 0x000000071be00000|100%| O|  |TAMS 0x000000071be00000, 0x000000071bc00000| Untracked 
| 223|0x000000071be00000, 0x000000071c000000, 0x000000071c000000|100%|HS|  |TAMS 0x000000071be00000, 0x000000071be00000| Complete 
| 224|0x000000071c000000, 0x000000071c200000, 0x000000071c200000|100%| O|  |TAMS 0x000000071c200000, 0x000000071c000000| Untracked 
| 225|0x000000071c200000, 0x000000071c400000, 0x000000071c400000|100%| O|  |TAMS 0x000000071c400000, 0x000000071c200000| Untracked 
| 226|0x000000071c400000, 0x000000071c600000, 0x000000071c600000|100%| O|  |TAMS 0x000000071c600000, 0x000000071c400000| Untracked 
| 227|0x000000071c600000, 0x000000071c800000, 0x000000071c800000|100%| O|  |TAMS 0x000000071c800000, 0x000000071c600000| Untracked 
| 228|0x000000071c800000, 0x000000071ca00000, 0x000000071ca00000|100%|HS|  |TAMS 0x000000071c800000, 0x000000071c800000| Complete 
| 229|0x000000071ca00000, 0x000000071cc00000, 0x000000071cc00000|100%| O|  |TAMS 0x000000071cc00000, 0x000000071ca00000| Untracked 
| 230|0x000000071cc00000, 0x000000071ce00000, 0x000000071ce00000|100%| O|  |TAMS 0x000000071ce00000, 0x000000071cc00000| Untracked 
| 231|0x000000071ce00000, 0x000000071d000000, 0x000000071d000000|100%| O|  |TAMS 0x000000071d000000, 0x000000071ce00000| Untracked 
| 232|0x000000071d000000, 0x000000071d200000, 0x000000071d200000|100%| O|  |TAMS 0x000000071d200000, 0x000000071d000000| Untracked 
| 233|0x000000071d200000, 0x000000071d400000, 0x000000071d400000|100%| O|  |TAMS 0x000000071d400000, 0x000000071d200000| Untracked 
| 234|0x000000071d400000, 0x000000071d600000, 0x000000071d600000|100%| O|  |TAMS 0x000000071d600000, 0x000000071d400000| Untracked 
| 235|0x000000071d600000, 0x000000071d800000, 0x000000071d800000|100%| O|  |TAMS 0x000000071d800000, 0x000000071d600000| Untracked 
| 236|0x000000071d800000, 0x000000071da00000, 0x000000071da00000|100%| O|  |TAMS 0x000000071da00000, 0x000000071d800000| Untracked 
| 237|0x000000071da00000, 0x000000071dc00000, 0x000000071dc00000|100%| O|  |TAMS 0x000000071dc00000, 0x000000071da00000| Untracked 
| 238|0x000000071dc00000, 0x000000071de00000, 0x000000071de00000|100%| O|  |TAMS 0x000000071de00000, 0x000000071dc00000| Untracked 
| 239|0x000000071de00000, 0x000000071e000000, 0x000000071e000000|100%| O|  |TAMS 0x000000071e000000, 0x000000071de00000| Untracked 
| 240|0x000000071e000000, 0x000000071e200000, 0x000000071e200000|100%| O|  |TAMS 0x000000071e200000, 0x000000071e000000| Untracked 
| 241|0x000000071e200000, 0x000000071e400000, 0x000000071e400000|100%| O|  |TAMS 0x000000071e400000, 0x000000071e200000| Untracked 
| 242|0x000000071e400000, 0x000000071e600000, 0x000000071e600000|100%| O|  |TAMS 0x000000071e600000, 0x000000071e400000| Untracked 
| 243|0x000000071e600000, 0x000000071e800000, 0x000000071e800000|100%| O|  |TAMS 0x000000071e800000, 0x000000071e600000| Untracked 
| 244|0x000000071e800000, 0x000000071ea00000, 0x000000071ea00000|100%| O|  |TAMS 0x000000071ea00000, 0x000000071e800000| Untracked 
| 245|0x000000071ea00000, 0x000000071ec00000, 0x000000071ec00000|100%| O|  |TAMS 0x000000071ec00000, 0x000000071ea00000| Complete 
| 246|0x000000071ec00000, 0x000000071ee00000, 0x000000071ee00000|100%| O|  |TAMS 0x000000071ee00000, 0x000000071ec00000| Untracked 
| 247|0x000000071ee00000, 0x000000071f000000, 0x000000071f000000|100%| O|  |TAMS 0x000000071f000000, 0x000000071ee00000| Untracked 
| 248|0x000000071f000000, 0x000000071f200000, 0x000000071f200000|100%| O|  |TAMS 0x000000071f200000, 0x000000071f000000| Untracked 
| 249|0x000000071f200000, 0x000000071f400000, 0x000000071f400000|100%| O|  |TAMS 0x000000071f400000, 0x000000071f200000| Untracked 
| 250|0x000000071f400000, 0x000000071f600000, 0x000000071f600000|100%| O|  |TAMS 0x000000071f600000, 0x000000071f400000| Untracked 
| 251|0x000000071f600000, 0x000000071f800000, 0x000000071f800000|100%| O|  |TAMS 0x000000071f800000, 0x000000071f600000| Untracked 
| 252|0x000000071f800000, 0x000000071fa00000, 0x000000071fa00000|100%| O|  |TAMS 0x000000071fa00000, 0x000000071f800000| Untracked 
| 253|0x000000071fa00000, 0x000000071fc00000, 0x000000071fc00000|100%| O|  |TAMS 0x000000071fc00000, 0x000000071fa00000| Untracked 
| 254|0x000000071fc00000, 0x000000071fe00000, 0x000000071fe00000|100%| O|  |TAMS 0x000000071fe00000, 0x000000071fc00000| Untracked 
| 255|0x000000071fe00000, 0x0000000720000000, 0x0000000720000000|100%| O|  |TAMS 0x0000000720000000, 0x000000071fe00000| Untracked 
| 256|0x0000000720000000, 0x0000000720200000, 0x0000000720200000|100%| O|  |TAMS 0x0000000720200000, 0x0000000720000000| Untracked 
| 257|0x0000000720200000, 0x0000000720400000, 0x0000000720400000|100%| O|  |TAMS 0x0000000720400000, 0x0000000720200000| Untracked 
| 258|0x0000000720400000, 0x0000000720600000, 0x0000000720600000|100%| O|  |TAMS 0x0000000720600000, 0x0000000720400000| Untracked 
| 259|0x0000000720600000, 0x0000000720800000, 0x0000000720800000|100%| O|  |TAMS 0x0000000720800000, 0x0000000720600000| Untracked 
| 260|0x0000000720800000, 0x0000000720a00000, 0x0000000720a00000|100%| O|  |TAMS 0x0000000720a00000, 0x0000000720800000| Untracked 
| 261|0x0000000720a00000, 0x0000000720c00000, 0x0000000720c00000|100%| O|  |TAMS 0x0000000720c00000, 0x0000000720a00000| Complete 
| 262|0x0000000720c00000, 0x0000000720e00000, 0x0000000720e00000|100%| O|  |TAMS 0x0000000720e00000, 0x0000000720c00000| Complete 
| 263|0x0000000720e00000, 0x0000000721000000, 0x0000000721000000|100%| O|  |TAMS 0x0000000721000000, 0x0000000720e00000| Complete 
| 264|0x0000000721000000, 0x0000000721200000, 0x0000000721200000|100%| O|  |TAMS 0x0000000721200000, 0x0000000721000000| Untracked 
| 265|0x0000000721200000, 0x0000000721400000, 0x0000000721400000|100%| O|  |TAMS 0x0000000721400000, 0x0000000721200000| Untracked 
| 266|0x0000000721400000, 0x0000000721600000, 0x0000000721600000|100%| O|  |TAMS 0x0000000721600000, 0x0000000721400000| Untracked 
| 267|0x0000000721600000, 0x0000000721800000, 0x0000000721800000|100%| O|  |TAMS 0x0000000721800000, 0x0000000721600000| Untracked 
| 268|0x0000000721800000, 0x0000000721a00000, 0x0000000721a00000|100%| O|  |TAMS 0x0000000721a00000, 0x0000000721800000| Untracked 
| 269|0x0000000721a00000, 0x0000000721c00000, 0x0000000721c00000|100%| O|  |TAMS 0x0000000721c00000, 0x0000000721a00000| Untracked 
| 270|0x0000000721c00000, 0x0000000721e00000, 0x0000000721e00000|100%| O|  |TAMS 0x0000000721e00000, 0x0000000721c00000| Untracked 
| 271|0x0000000721e00000, 0x0000000722000000, 0x0000000722000000|100%| O|  |TAMS 0x0000000722000000, 0x0000000721e00000| Complete 
| 272|0x0000000722000000, 0x0000000722200000, 0x0000000722200000|100%| O|  |TAMS 0x0000000722200000, 0x0000000722000000| Complete 
| 273|0x0000000722200000, 0x0000000722400000, 0x0000000722400000|100%| O|  |TAMS 0x0000000722400000, 0x0000000722200000| Untracked 
| 274|0x0000000722400000, 0x0000000722600000, 0x0000000722600000|100%| O|  |TAMS 0x0000000722600000, 0x0000000722400000| Complete 
| 275|0x0000000722600000, 0x0000000722800000, 0x0000000722800000|100%| O|  |TAMS 0x0000000722800000, 0x0000000722600000| Untracked 
| 276|0x0000000722800000, 0x0000000722a00000, 0x0000000722a00000|100%| O|  |TAMS 0x0000000722a00000, 0x0000000722800000| Untracked 
| 277|0x0000000722a00000, 0x0000000722c00000, 0x0000000722c00000|100%| O|  |TAMS 0x0000000722c00000, 0x0000000722a00000| Untracked 
| 278|0x0000000722c00000, 0x0000000722e00000, 0x0000000722e00000|100%| O|  |TAMS 0x0000000722e00000, 0x0000000722c00000| Untracked 
| 279|0x0000000722e00000, 0x0000000723000000, 0x0000000723000000|100%| O|  |TAMS 0x0000000723000000, 0x0000000722e00000| Untracked 
| 280|0x0000000723000000, 0x0000000723200000, 0x0000000723200000|100%| O|  |TAMS 0x0000000723200000, 0x0000000723000000| Untracked 
| 281|0x0000000723200000, 0x0000000723400000, 0x0000000723400000|100%| O|  |TAMS 0x0000000723400000, 0x0000000723200000| Untracked 
| 282|0x0000000723400000, 0x0000000723600000, 0x0000000723600000|100%| O|  |TAMS 0x0000000723600000, 0x0000000723400000| Untracked 
| 283|0x0000000723600000, 0x0000000723800000, 0x0000000723800000|100%| O|  |TAMS 0x0000000723800000, 0x0000000723600000| Untracked 
| 284|0x0000000723800000, 0x0000000723a00000, 0x0000000723a00000|100%| O|  |TAMS 0x0000000723a00000, 0x0000000723800000| Untracked 
| 285|0x0000000723a00000, 0x0000000723c00000, 0x0000000723c00000|100%| O|  |TAMS 0x0000000723c00000, 0x0000000723a00000| Untracked 
| 286|0x0000000723c00000, 0x0000000723e00000, 0x0000000723e00000|100%|HS|  |TAMS 0x0000000723e00000, 0x0000000723c00000| Complete 
| 287|0x0000000723e00000, 0x0000000724000000, 0x0000000724000000|100%| O|  |TAMS 0x0000000724000000, 0x0000000723e00000| Untracked 
| 288|0x0000000724000000, 0x0000000724200000, 0x0000000724200000|100%| O|  |TAMS 0x0000000724200000, 0x0000000724000000| Untracked 
| 289|0x0000000724200000, 0x0000000724400000, 0x0000000724400000|100%| O|  |TAMS 0x0000000724400000, 0x0000000724200000| Untracked 
| 290|0x0000000724400000, 0x0000000724600000, 0x0000000724600000|100%| O|  |TAMS 0x0000000724600000, 0x0000000724400000| Untracked 
| 291|0x0000000724600000, 0x0000000724800000, 0x0000000724800000|100%| O|  |TAMS 0x0000000724800000, 0x0000000724600000| Untracked 
| 292|0x0000000724800000, 0x0000000724a00000, 0x0000000724a00000|100%| O|  |TAMS 0x0000000724a00000, 0x0000000724800000| Untracked 
| 293|0x0000000724a00000, 0x0000000724c00000, 0x0000000724c00000|100%| O|  |TAMS 0x0000000724c00000, 0x0000000724a00000| Untracked 
| 294|0x0000000724c00000, 0x0000000724e00000, 0x0000000724e00000|100%| O|  |TAMS 0x0000000724e00000, 0x0000000724c00000| Untracked 
| 295|0x0000000724e00000, 0x0000000725000000, 0x0000000725000000|100%| O|  |TAMS 0x0000000725000000, 0x0000000724e00000| Untracked 
| 296|0x0000000725000000, 0x0000000725200000, 0x0000000725200000|100%| O|  |TAMS 0x0000000725200000, 0x0000000725000000| Complete 
| 297|0x0000000725200000, 0x0000000725400000, 0x0000000725400000|100%| O|  |TAMS 0x0000000725400000, 0x0000000725200000| Untracked 
| 298|0x0000000725400000, 0x0000000725600000, 0x0000000725600000|100%| O|  |TAMS 0x0000000725600000, 0x0000000725400000| Untracked 
| 299|0x0000000725600000, 0x0000000725800000, 0x0000000725800000|100%| O|  |TAMS 0x0000000725800000, 0x0000000725600000| Untracked 
| 300|0x0000000725800000, 0x0000000725a00000, 0x0000000725a00000|100%| O|  |TAMS 0x0000000725a00000, 0x0000000725800000| Untracked 
| 301|0x0000000725a00000, 0x0000000725c00000, 0x0000000725c00000|100%| O|  |TAMS 0x0000000725c00000, 0x0000000725a00000| Untracked 
| 302|0x0000000725c00000, 0x0000000725e00000, 0x0000000725e00000|100%| O|  |TAMS 0x0000000725e00000, 0x0000000725c00000| Untracked 
| 303|0x0000000725e00000, 0x0000000726000000, 0x0000000726000000|100%|HS|  |TAMS 0x0000000726000000, 0x0000000725e00000| Complete 
| 304|0x0000000726000000, 0x0000000726200000, 0x0000000726200000|100%|HC|  |TAMS 0x0000000726200000, 0x0000000726000000| Complete 
| 305|0x0000000726200000, 0x0000000726400000, 0x0000000726400000|100%|HS|  |TAMS 0x0000000726400000, 0x0000000726200000| Complete 
| 306|0x0000000726400000, 0x0000000726600000, 0x0000000726600000|100%|HC|  |TAMS 0x0000000726600000, 0x0000000726400000| Complete 
| 307|0x0000000726600000, 0x0000000726800000, 0x0000000726800000|100%| O|  |TAMS 0x0000000726800000, 0x0000000726600000| Untracked 
| 308|0x0000000726800000, 0x0000000726a00000, 0x0000000726a00000|100%| O|  |TAMS 0x0000000726a00000, 0x0000000726800000| Untracked 
| 309|0x0000000726a00000, 0x0000000726c00000, 0x0000000726c00000|100%| O|  |TAMS 0x0000000726c00000, 0x0000000726a00000| Untracked 
| 310|0x0000000726c00000, 0x0000000726e00000, 0x0000000726e00000|100%| O|  |TAMS 0x0000000726e00000, 0x0000000726c00000| Untracked 
| 311|0x0000000726e00000, 0x0000000727000000, 0x0000000727000000|100%| O|  |TAMS 0x0000000727000000, 0x0000000726e00000| Untracked 
| 312|0x0000000727000000, 0x0000000727200000, 0x0000000727200000|100%| O|  |TAMS 0x0000000727200000, 0x0000000727000000| Untracked 
| 313|0x0000000727200000, 0x0000000727400000, 0x0000000727400000|100%| O|  |TAMS 0x0000000727400000, 0x0000000727200000| Untracked 
| 314|0x0000000727400000, 0x0000000727600000, 0x0000000727600000|100%| O|  |TAMS 0x0000000727600000, 0x0000000727400000| Untracked 
| 315|0x0000000727600000, 0x0000000727800000, 0x0000000727800000|100%| O|  |TAMS 0x0000000727800000, 0x0000000727600000| Untracked 
| 316|0x0000000727800000, 0x0000000727a00000, 0x0000000727a00000|100%| O|  |TAMS 0x0000000727a00000, 0x0000000727800000| Untracked 
| 317|0x0000000727a00000, 0x0000000727c00000, 0x0000000727c00000|100%| O|  |TAMS 0x0000000727c00000, 0x0000000727a00000| Untracked 
| 318|0x0000000727c00000, 0x0000000727e00000, 0x0000000727e00000|100%| O|  |TAMS 0x0000000727e00000, 0x0000000727c00000| Untracked 
| 319|0x0000000727e00000, 0x0000000728000000, 0x0000000728000000|100%| O|  |TAMS 0x0000000728000000, 0x0000000727e00000| Complete 
| 320|0x0000000728000000, 0x0000000728200000, 0x0000000728200000|100%| O|  |TAMS 0x0000000728200000, 0x0000000728000000| Complete 
| 321|0x0000000728200000, 0x0000000728400000, 0x0000000728400000|100%| O|  |TAMS 0x0000000728400000, 0x0000000728200000| Untracked 
| 322|0x0000000728400000, 0x0000000728600000, 0x0000000728600000|100%| O|  |TAMS 0x0000000728600000, 0x0000000728400000| Complete 
| 323|0x0000000728600000, 0x0000000728800000, 0x0000000728800000|100%| O|  |TAMS 0x0000000728800000, 0x0000000728600000| Untracked 
| 324|0x0000000728800000, 0x0000000728a00000, 0x0000000728a00000|100%| O|  |TAMS 0x0000000728a00000, 0x0000000728800000| Untracked 
| 325|0x0000000728a00000, 0x0000000728c00000, 0x0000000728c00000|100%| O|  |TAMS 0x0000000728c00000, 0x0000000728a00000| Untracked 
| 326|0x0000000728c00000, 0x0000000728e00000, 0x0000000728e00000|100%| O|  |TAMS 0x0000000728e00000, 0x0000000728c00000| Untracked 
| 327|0x0000000728e00000, 0x0000000729000000, 0x0000000729000000|100%| O|  |TAMS 0x0000000729000000, 0x0000000728e00000| Untracked 
| 328|0x0000000729000000, 0x0000000729200000, 0x0000000729200000|100%| O|  |TAMS 0x0000000729200000, 0x0000000729000000| Untracked 
| 329|0x0000000729200000, 0x0000000729400000, 0x0000000729400000|100%| O|  |TAMS 0x0000000729400000, 0x0000000729200000| Untracked 
| 330|0x0000000729400000, 0x0000000729600000, 0x0000000729600000|100%| O|  |TAMS 0x0000000729600000, 0x0000000729400000| Untracked 
| 331|0x0000000729600000, 0x0000000729800000, 0x0000000729800000|100%| O|  |TAMS 0x0000000729800000, 0x0000000729600000| Untracked 
| 332|0x0000000729800000, 0x0000000729a00000, 0x0000000729a00000|100%| O|  |TAMS 0x0000000729a00000, 0x0000000729800000| Untracked 
| 333|0x0000000729a00000, 0x0000000729c00000, 0x0000000729c00000|100%| O|  |TAMS 0x0000000729c00000, 0x0000000729a00000| Complete 
| 334|0x0000000729c00000, 0x0000000729e00000, 0x0000000729e00000|100%| O|  |TAMS 0x0000000729e00000, 0x0000000729c00000| Complete 
| 335|0x0000000729e00000, 0x000000072a000000, 0x000000072a000000|100%| O|  |TAMS 0x000000072a000000, 0x0000000729e00000| Untracked 
| 336|0x000000072a000000, 0x000000072a200000, 0x000000072a200000|100%| O|  |TAMS 0x000000072a200000, 0x000000072a000000| Untracked 
| 337|0x000000072a200000, 0x000000072a400000, 0x000000072a400000|100%| O|  |TAMS 0x000000072a400000, 0x000000072a200000| Untracked 
| 338|0x000000072a400000, 0x000000072a600000, 0x000000072a600000|100%| O|  |TAMS 0x000000072a600000, 0x000000072a400000| Untracked 
| 339|0x000000072a600000, 0x000000072a800000, 0x000000072a800000|100%| O|  |TAMS 0x000000072a800000, 0x000000072a600000| Untracked 
| 340|0x000000072a800000, 0x000000072aa00000, 0x000000072aa00000|100%|HS|  |TAMS 0x000000072a800000, 0x000000072a800000| Complete 
| 341|0x000000072aa00000, 0x000000072ac00000, 0x000000072ac00000|100%|HS|  |TAMS 0x000000072aa00000, 0x000000072aa00000| Complete 
| 342|0x000000072ac00000, 0x000000072ae00000, 0x000000072ae00000|100%| O|  |TAMS 0x000000072ae00000, 0x000000072ac00000| Untracked 
| 343|0x000000072ae00000, 0x000000072b000000, 0x000000072b000000|100%| O|  |TAMS 0x000000072b000000, 0x000000072ae00000| Untracked 
| 344|0x000000072b000000, 0x000000072b200000, 0x000000072b200000|100%|HS|  |TAMS 0x000000072b000000, 0x000000072b000000| Complete 
| 345|0x000000072b200000, 0x000000072b400000, 0x000000072b400000|100%|HS|  |TAMS 0x000000072b200000, 0x000000072b200000| Complete 
| 346|0x000000072b400000, 0x000000072b600000, 0x000000072b600000|100%| O|  |TAMS 0x000000072b600000, 0x000000072b400000| Untracked 
| 347|0x000000072b600000, 0x000000072b800000, 0x000000072b800000|100%| O|  |TAMS 0x000000072b800000, 0x000000072b600000| Untracked 
| 348|0x000000072b800000, 0x000000072ba00000, 0x000000072ba00000|100%| O|  |TAMS 0x000000072ba00000, 0x000000072b800000| Complete 
| 349|0x000000072ba00000, 0x000000072bc00000, 0x000000072bc00000|100%| O|  |TAMS 0x000000072bc00000, 0x000000072ba00000| Untracked 
| 350|0x000000072bc00000, 0x000000072be00000, 0x000000072be00000|100%|HS|  |TAMS 0x000000072bc00000, 0x000000072bc00000| Complete 
| 351|0x000000072be00000, 0x000000072c000000, 0x000000072c000000|100%| O|  |TAMS 0x000000072c000000, 0x000000072be00000| Untracked 
| 352|0x000000072c000000, 0x000000072c200000, 0x000000072c200000|100%| O|  |TAMS 0x000000072c200000, 0x000000072c000000| Untracked 
| 353|0x000000072c200000, 0x000000072c400000, 0x000000072c400000|100%| O|  |TAMS 0x000000072c400000, 0x000000072c200000| Complete 
| 354|0x000000072c400000, 0x000000072c600000, 0x000000072c600000|100%| O|  |TAMS 0x000000072c600000, 0x000000072c400000| Untracked 
| 355|0x000000072c600000, 0x000000072c800000, 0x000000072c800000|100%| O|  |TAMS 0x000000072c800000, 0x000000072c600000| Untracked 
| 356|0x000000072c800000, 0x000000072ca00000, 0x000000072ca00000|100%| O|  |TAMS 0x000000072ca00000, 0x000000072c800000| Untracked 
| 357|0x000000072ca00000, 0x000000072cc00000, 0x000000072cc00000|100%| O|  |TAMS 0x000000072cc00000, 0x000000072ca00000| Untracked 
| 358|0x000000072cc00000, 0x000000072ce00000, 0x000000072ce00000|100%|HS|  |TAMS 0x000000072cc00000, 0x000000072cc00000| Complete 
| 359|0x000000072ce00000, 0x000000072d000000, 0x000000072d000000|100%| O|  |TAMS 0x000000072d000000, 0x000000072ce00000| Untracked 
| 360|0x000000072d000000, 0x000000072d200000, 0x000000072d200000|100%| O|  |TAMS 0x000000072d200000, 0x000000072d000000| Untracked 
| 361|0x000000072d200000, 0x000000072d400000, 0x000000072d400000|100%|HS|  |TAMS 0x000000072d400000, 0x000000072d200000| Complete 
| 362|0x000000072d400000, 0x000000072d600000, 0x000000072d600000|100%| O|  |TAMS 0x000000072d600000, 0x000000072d400000| Untracked 
| 363|0x000000072d600000, 0x000000072d800000, 0x000000072d800000|100%| O|  |TAMS 0x000000072d800000, 0x000000072d600000| Untracked 
| 364|0x000000072d800000, 0x000000072da00000, 0x000000072da00000|100%|HS|  |TAMS 0x000000072da00000, 0x000000072d800000| Complete 
| 365|0x000000072da00000, 0x000000072dc00000, 0x000000072dc00000|100%| O|  |TAMS 0x000000072dc00000, 0x000000072da00000| Untracked 
| 366|0x000000072dc00000, 0x000000072de00000, 0x000000072de00000|100%| O|  |TAMS 0x000000072de00000, 0x000000072dc00000| Untracked 
| 367|0x000000072de00000, 0x000000072e000000, 0x000000072e000000|100%| O|  |TAMS 0x000000072e000000, 0x000000072de00000| Untracked 
| 368|0x000000072e000000, 0x000000072e200000, 0x000000072e200000|100%| O|  |TAMS 0x000000072e200000, 0x000000072e000000| Untracked 
| 369|0x000000072e200000, 0x000000072e3ffff8, 0x000000072e400000| 99%| O|  |TAMS 0x000000072e3ffff8, 0x000000072e200000| Untracked 
| 370|0x000000072e400000, 0x000000072e5ffff8, 0x000000072e600000| 99%| O|  |TAMS 0x000000072e5ffff8, 0x000000072e400000| Untracked 
| 371|0x000000072e600000, 0x000000072e800000, 0x000000072e800000|100%| O|  |TAMS 0x000000072e800000, 0x000000072e600000| Untracked 
| 372|0x000000072e800000, 0x000000072ea00000, 0x000000072ea00000|100%| O|  |TAMS 0x000000072ea00000, 0x000000072e800000| Untracked 
| 373|0x000000072ea00000, 0x000000072ec00000, 0x000000072ec00000|100%| O|  |TAMS 0x000000072ec00000, 0x000000072ea00000| Untracked 
| 374|0x000000072ec00000, 0x000000072ee00000, 0x000000072ee00000|100%| O|  |TAMS 0x000000072ee00000, 0x000000072ec00000| Untracked 
| 375|0x000000072ee00000, 0x000000072f000000, 0x000000072f000000|100%| O|  |TAMS 0x000000072f000000, 0x000000072ee00000| Untracked 
| 376|0x000000072f000000, 0x000000072f200000, 0x000000072f200000|100%| O|  |TAMS 0x000000072f200000, 0x000000072f000000| Untracked 
| 377|0x000000072f200000, 0x000000072f400000, 0x000000072f400000|100%| O|  |TAMS 0x000000072f400000, 0x000000072f200000| Untracked 
| 378|0x000000072f400000, 0x000000072f600000, 0x000000072f600000|100%| O|  |TAMS 0x000000072f600000, 0x000000072f400000| Untracked 
| 379|0x000000072f600000, 0x000000072f7ffff8, 0x000000072f800000| 99%| O|  |TAMS 0x000000072f7ffff8, 0x000000072f600000| Untracked 
| 380|0x000000072f800000, 0x000000072fa00000, 0x000000072fa00000|100%| O|  |TAMS 0x000000072fa00000, 0x000000072f800000| Untracked 
| 381|0x000000072fa00000, 0x000000072fc00000, 0x000000072fc00000|100%| O|  |TAMS 0x000000072fc00000, 0x000000072fa00000| Untracked 
| 382|0x000000072fc00000, 0x000000072fdffff8, 0x000000072fe00000| 99%| O|  |TAMS 0x000000072fdffff8, 0x000000072fc00000| Untracked 
| 383|0x000000072fe00000, 0x0000000730000000, 0x0000000730000000|100%| O|  |TAMS 0x0000000730000000, 0x000000072fe00000| Untracked 
| 384|0x0000000730000000, 0x0000000730200000, 0x0000000730200000|100%| O|  |TAMS 0x0000000730200000, 0x0000000730000000| Untracked 
| 385|0x0000000730200000, 0x0000000730400000, 0x0000000730400000|100%| O|  |TAMS 0x0000000730400000, 0x0000000730200000| Complete 
| 386|0x0000000730400000, 0x0000000730600000, 0x0000000730600000|100%| O|  |TAMS 0x0000000730600000, 0x0000000730400000| Complete 
| 387|0x0000000730600000, 0x00000007307da600, 0x0000000730800000| 92%| O|  |TAMS 0x00000007307da600, 0x0000000730600000| Untracked 
| 388|0x0000000730800000, 0x0000000730a00000, 0x0000000730a00000|100%|HS|  |TAMS 0x0000000730800000, 0x0000000730800000| Complete 
| 389|0x0000000730a00000, 0x0000000730c00000, 0x0000000730c00000|100%| O|  |TAMS 0x0000000730c00000, 0x0000000730a00000| Untracked 
| 390|0x0000000730c00000, 0x0000000730e00000, 0x0000000730e00000|100%| O|  |TAMS 0x0000000730e00000, 0x0000000730c00000| Untracked 
| 391|0x0000000730e00000, 0x0000000731000000, 0x0000000731000000|100%| O|  |TAMS 0x0000000731000000, 0x0000000730e00000| Untracked 
| 392|0x0000000731000000, 0x0000000731200000, 0x0000000731200000|100%| O|  |TAMS 0x0000000731200000, 0x0000000731000000| Untracked 
| 393|0x0000000731200000, 0x0000000731400000, 0x0000000731400000|100%| O|  |TAMS 0x0000000731400000, 0x0000000731200000| Untracked 
| 394|0x0000000731400000, 0x0000000731600000, 0x0000000731600000|100%| O|  |TAMS 0x0000000731600000, 0x0000000731400000| Untracked 
| 395|0x0000000731600000, 0x0000000731800000, 0x0000000731800000|100%| O|  |TAMS 0x0000000731800000, 0x0000000731600000| Untracked 
| 396|0x0000000731800000, 0x0000000731a00000, 0x0000000731a00000|100%| O|  |TAMS 0x0000000731a00000, 0x0000000731800000| Untracked 
| 397|0x0000000731a00000, 0x0000000731c00000, 0x0000000731c00000|100%| O|  |TAMS 0x0000000731c00000, 0x0000000731a00000| Untracked 
| 398|0x0000000731c00000, 0x0000000731e00000, 0x0000000731e00000|100%| O|  |TAMS 0x0000000731e00000, 0x0000000731c00000| Untracked 
| 399|0x0000000731e00000, 0x0000000732000000, 0x0000000732000000|100%| O|  |TAMS 0x0000000732000000, 0x0000000731e00000| Untracked 
| 400|0x0000000732000000, 0x0000000732200000, 0x0000000732200000|100%| O|  |TAMS 0x0000000732200000, 0x0000000732000000| Untracked 
| 401|0x0000000732200000, 0x0000000732400000, 0x0000000732400000|100%| O|  |TAMS 0x0000000732400000, 0x0000000732200000| Untracked 
| 402|0x0000000732400000, 0x0000000732600000, 0x0000000732600000|100%| O|  |TAMS 0x0000000732600000, 0x0000000732400000| Untracked 
| 403|0x0000000732600000, 0x0000000732800000, 0x0000000732800000|100%| O|  |TAMS 0x0000000732800000, 0x0000000732600000| Untracked 
| 404|0x0000000732800000, 0x0000000732a00000, 0x0000000732a00000|100%| O|  |TAMS 0x0000000732a00000, 0x0000000732800000| Untracked 
| 405|0x0000000732a00000, 0x0000000732c00000, 0x0000000732c00000|100%| O|  |TAMS 0x0000000732c00000, 0x0000000732a00000| Untracked 
| 406|0x0000000732c00000, 0x0000000732e00000, 0x0000000732e00000|100%| O|  |TAMS 0x0000000732e00000, 0x0000000732c00000| Untracked 
| 407|0x0000000732e00000, 0x0000000733000000, 0x0000000733000000|100%| O|  |TAMS 0x0000000733000000, 0x0000000732e00000| Untracked 
| 408|0x0000000733000000, 0x0000000733200000, 0x0000000733200000|100%| O|  |TAMS 0x0000000733200000, 0x0000000733000000| Untracked 
| 409|0x0000000733200000, 0x0000000733400000, 0x0000000733400000|100%| O|  |TAMS 0x0000000733400000, 0x0000000733200000| Untracked 
| 410|0x0000000733400000, 0x0000000733600000, 0x0000000733600000|100%|HS|  |TAMS 0x0000000733400000, 0x0000000733400000| Complete 
| 411|0x0000000733600000, 0x0000000733800000, 0x0000000733800000|100%|HS|  |TAMS 0x0000000733600000, 0x0000000733600000| Complete 
| 412|0x0000000733800000, 0x0000000733a00000, 0x0000000733a00000|100%|HS|  |TAMS 0x0000000733800000, 0x0000000733800000| Complete 
| 413|0x0000000733a00000, 0x0000000733c00000, 0x0000000733c00000|100%| O|  |TAMS 0x0000000733c00000, 0x0000000733a00000| Untracked 
| 414|0x0000000733c00000, 0x0000000733e00000, 0x0000000733e00000|100%| O|  |TAMS 0x0000000733e00000, 0x0000000733c00000| Untracked 
| 415|0x0000000733e00000, 0x0000000734000000, 0x0000000734000000|100%|HS|  |TAMS 0x0000000733e00000, 0x0000000733e00000| Complete 
| 416|0x0000000734000000, 0x0000000734200000, 0x0000000734200000|100%| O|  |TAMS 0x0000000734200000, 0x0000000734000000| Untracked 
| 417|0x0000000734200000, 0x0000000734400000, 0x0000000734400000|100%| O|  |TAMS 0x0000000734400000, 0x0000000734200000| Untracked 
| 418|0x0000000734400000, 0x0000000734600000, 0x0000000734600000|100%|HS|  |TAMS 0x0000000734400000, 0x0000000734400000| Complete 
| 419|0x0000000734600000, 0x0000000734800000, 0x0000000734800000|100%| O|  |TAMS 0x0000000734800000, 0x0000000734600000| Untracked 
| 420|0x0000000734800000, 0x0000000734a00000, 0x0000000734a00000|100%|HS|  |TAMS 0x0000000734800000, 0x0000000734800000| Complete 
| 421|0x0000000734a00000, 0x0000000734c00000, 0x0000000734c00000|100%| O|  |TAMS 0x0000000734c00000, 0x0000000734a00000| Untracked 
| 422|0x0000000734c00000, 0x0000000734e00000, 0x0000000734e00000|100%| O|  |TAMS 0x0000000734e00000, 0x0000000734c00000| Untracked 
| 423|0x0000000734e00000, 0x0000000735000000, 0x0000000735000000|100%|HS|  |TAMS 0x0000000734e00000, 0x0000000734e00000| Complete 
| 424|0x0000000735000000, 0x0000000735200000, 0x0000000735200000|100%| O|  |TAMS 0x0000000735200000, 0x0000000735000000| Untracked 
| 425|0x0000000735200000, 0x0000000735400000, 0x0000000735400000|100%| O|  |TAMS 0x0000000735400000, 0x0000000735200000| Untracked 
| 426|0x0000000735400000, 0x0000000735600000, 0x0000000735600000|100%| O|  |TAMS 0x0000000735600000, 0x0000000735400000| Untracked 
| 427|0x0000000735600000, 0x0000000735800000, 0x0000000735800000|100%| O|  |TAMS 0x0000000735800000, 0x0000000735600000| Untracked 
| 428|0x0000000735800000, 0x0000000735a00000, 0x0000000735a00000|100%| O|  |TAMS 0x0000000735a00000, 0x0000000735800000| Untracked 
| 429|0x0000000735a00000, 0x0000000735c00000, 0x0000000735c00000|100%|HS|  |TAMS 0x0000000735a00000, 0x0000000735a00000| Complete 
| 430|0x0000000735c00000, 0x0000000735e00000, 0x0000000735e00000|100%| O|  |TAMS 0x0000000735e00000, 0x0000000735c00000| Untracked 
| 431|0x0000000735e00000, 0x0000000736000000, 0x0000000736000000|100%|HS|  |TAMS 0x0000000735e00000, 0x0000000735e00000| Complete 
| 432|0x0000000736000000, 0x0000000736200000, 0x0000000736200000|100%| O|  |TAMS 0x0000000736200000, 0x0000000736000000| Complete 
| 433|0x0000000736200000, 0x0000000736400000, 0x0000000736400000|100%| O|  |TAMS 0x0000000736400000, 0x0000000736200000| Untracked 
| 434|0x0000000736400000, 0x0000000736600000, 0x0000000736600000|100%|HS|  |TAMS 0x0000000736400000, 0x0000000736400000| Complete 
| 435|0x0000000736600000, 0x0000000736800000, 0x0000000736800000|100%|HC|  |TAMS 0x0000000736600000, 0x0000000736600000| Complete 
| 436|0x0000000736800000, 0x0000000736a00000, 0x0000000736a00000|100%| O|  |TAMS 0x0000000736a00000, 0x0000000736800000| Untracked 
| 437|0x0000000736a00000, 0x0000000736c00000, 0x0000000736c00000|100%| O|  |TAMS 0x0000000736c00000, 0x0000000736a00000| Untracked 
| 438|0x0000000736c00000, 0x0000000736e00000, 0x0000000736e00000|100%| O|  |TAMS 0x0000000736e00000, 0x0000000736c00000| Untracked 
| 439|0x0000000736e00000, 0x0000000737000000, 0x0000000737000000|100%| O|  |TAMS 0x0000000737000000, 0x0000000736e00000| Untracked 
| 440|0x0000000737000000, 0x0000000737200000, 0x0000000737200000|100%| O|  |TAMS 0x0000000737200000, 0x0000000737000000| Untracked 
| 441|0x0000000737200000, 0x0000000737400000, 0x0000000737400000|100%| O|  |TAMS 0x0000000737400000, 0x0000000737200000| Untracked 
| 442|0x0000000737400000, 0x0000000737600000, 0x0000000737600000|100%| O|  |TAMS 0x0000000737600000, 0x0000000737400000| Untracked 
| 443|0x0000000737600000, 0x0000000737800000, 0x0000000737800000|100%| O|  |TAMS 0x0000000737800000, 0x0000000737600000| Untracked 
| 444|0x0000000737800000, 0x0000000737a00000, 0x0000000737a00000|100%|HS|  |TAMS 0x0000000737800000, 0x0000000737800000| Complete 
| 445|0x0000000737a00000, 0x0000000737c00000, 0x0000000737c00000|100%| O|  |TAMS 0x0000000737c00000, 0x0000000737a00000| Untracked 
| 446|0x0000000737c00000, 0x0000000737e00000, 0x0000000737e00000|100%|HS|  |TAMS 0x0000000737c00000, 0x0000000737c00000| Complete 
| 447|0x0000000737e00000, 0x0000000738000000, 0x0000000738000000|100%|HC|  |TAMS 0x0000000737e00000, 0x0000000737e00000| Complete 
| 448|0x0000000738000000, 0x0000000738200000, 0x0000000738200000|100%|HS|  |TAMS 0x0000000738000000, 0x0000000738000000| Complete 
| 449|0x0000000738200000, 0x0000000738400000, 0x0000000738400000|100%|HC|  |TAMS 0x0000000738200000, 0x0000000738200000| Complete 
| 450|0x0000000738400000, 0x0000000738600000, 0x0000000738600000|100%|HS|  |TAMS 0x0000000738400000, 0x0000000738400000| Complete 
| 451|0x0000000738600000, 0x0000000738800000, 0x0000000738800000|100%|HC|  |TAMS 0x0000000738600000, 0x0000000738600000| Complete 
| 452|0x0000000738800000, 0x0000000738a00000, 0x0000000738a00000|100%|HS|  |TAMS 0x0000000738800000, 0x0000000738800000| Complete 
| 453|0x0000000738a00000, 0x0000000738c00000, 0x0000000738c00000|100%|HC|  |TAMS 0x0000000738a00000, 0x0000000738a00000| Complete 
| 454|0x0000000738c00000, 0x0000000738e00000, 0x0000000738e00000|100%|HS|  |TAMS 0x0000000738c00000, 0x0000000738c00000| Complete 
| 455|0x0000000738e00000, 0x0000000739000000, 0x0000000739000000|100%|HS|  |TAMS 0x0000000738e00000, 0x0000000738e00000| Complete 
| 456|0x0000000739000000, 0x0000000739200000, 0x0000000739200000|100%| O|  |TAMS 0x0000000739200000, 0x0000000739000000| Untracked 
| 457|0x0000000739200000, 0x0000000739400000, 0x0000000739400000|100%|HS|  |TAMS 0x0000000739200000, 0x0000000739200000| Complete 
| 458|0x0000000739400000, 0x0000000739600000, 0x0000000739600000|100%|HS|  |TAMS 0x0000000739400000, 0x0000000739400000| Complete 
| 459|0x0000000739600000, 0x0000000739800000, 0x0000000739800000|100%| O|  |TAMS 0x0000000739800000, 0x0000000739600000| Untracked 
| 460|0x0000000739800000, 0x0000000739a00000, 0x0000000739a00000|100%|HS|  |TAMS 0x0000000739800000, 0x0000000739800000| Complete 
| 461|0x0000000739a00000, 0x0000000739c00000, 0x0000000739c00000|100%| O|  |TAMS 0x0000000739c00000, 0x0000000739a00000| Untracked 
| 462|0x0000000739c00000, 0x0000000739e00000, 0x0000000739e00000|100%| O|  |TAMS 0x0000000739e00000, 0x0000000739c00000| Untracked 
| 463|0x0000000739e00000, 0x000000073a000000, 0x000000073a000000|100%|HS|  |TAMS 0x0000000739e00000, 0x0000000739e00000| Complete 
| 464|0x000000073a000000, 0x000000073a200000, 0x000000073a200000|100%|HS|  |TAMS 0x000000073a000000, 0x000000073a000000| Complete 
| 465|0x000000073a200000, 0x000000073a400000, 0x000000073a400000|100%|HS|  |TAMS 0x000000073a200000, 0x000000073a200000| Complete 
| 466|0x000000073a400000, 0x000000073a400000, 0x000000073a600000|  0%| F|  |TAMS 0x000000073a400000, 0x000000073a400000| Untracked 
| 467|0x000000073a600000, 0x000000073a600000, 0x000000073a800000|  0%| F|  |TAMS 0x000000073a600000, 0x000000073a600000| Untracked 
| 468|0x000000073a800000, 0x000000073a800000, 0x000000073aa00000|  0%| F|  |TAMS 0x000000073a800000, 0x000000073a800000| Untracked 
| 469|0x000000073aa00000, 0x000000073aa00000, 0x000000073ac00000|  0%| F|  |TAMS 0x000000073aa00000, 0x000000073aa00000| Untracked 
| 470|0x000000073ac00000, 0x000000073ac00000, 0x000000073ae00000|  0%| F|  |TAMS 0x000000073ac00000, 0x000000073ac00000| Untracked 
| 471|0x000000073ae00000, 0x000000073ae00000, 0x000000073b000000|  0%| F|  |TAMS 0x000000073ae00000, 0x000000073ae00000| Untracked 
| 472|0x000000073b000000, 0x000000073b000000, 0x000000073b200000|  0%| F|  |TAMS 0x000000073b000000, 0x000000073b000000| Untracked 
| 473|0x000000073b200000, 0x000000073b200000, 0x000000073b400000|  0%| F|  |TAMS 0x000000073b200000, 0x000000073b200000| Untracked 
| 474|0x000000073b400000, 0x000000073b600000, 0x000000073b600000|100%| O|  |TAMS 0x000000073b600000, 0x000000073b400000| Untracked 
| 475|0x000000073b600000, 0x000000073b600000, 0x000000073b800000|  0%| F|  |TAMS 0x000000073b600000, 0x000000073b600000| Untracked 
| 476|0x000000073b800000, 0x000000073ba00000, 0x000000073ba00000|100%| O|  |TAMS 0x000000073ba00000, 0x000000073b800000| Untracked 
| 477|0x000000073ba00000, 0x000000073bc00000, 0x000000073bc00000|100%| O|  |TAMS 0x000000073bc00000, 0x000000073ba00000| Untracked 
| 478|0x000000073bc00000, 0x000000073bc00000, 0x000000073be00000|  0%| F|  |TAMS 0x000000073bc00000, 0x000000073bc00000| Untracked 
| 479|0x000000073be00000, 0x000000073c000000, 0x000000073c000000|100%| O|  |TAMS 0x000000073c000000, 0x000000073be00000| Untracked 
| 480|0x000000073c000000, 0x000000073c200000, 0x000000073c200000|100%| O|  |TAMS 0x000000073c200000, 0x000000073c000000| Untracked 
| 481|0x000000073c200000, 0x000000073c200000, 0x000000073c400000|  0%| F|  |TAMS 0x000000073c200000, 0x000000073c200000| Untracked 
| 482|0x000000073c400000, 0x000000073c400000, 0x000000073c600000|  0%| F|  |TAMS 0x000000073c400000, 0x000000073c400000| Untracked 
| 483|0x000000073c600000, 0x000000073c600000, 0x000000073c800000|  0%| F|  |TAMS 0x000000073c600000, 0x000000073c600000| Untracked 
| 484|0x000000073c800000, 0x000000073c800000, 0x000000073ca00000|  0%| F|  |TAMS 0x000000073c800000, 0x000000073c800000| Untracked 
| 485|0x000000073ca00000, 0x000000073ca00000, 0x000000073cc00000|  0%| F|  |TAMS 0x000000073ca00000, 0x000000073ca00000| Untracked 
| 486|0x000000073cc00000, 0x000000073ce00000, 0x000000073ce00000|100%| O|  |TAMS 0x000000073ce00000, 0x000000073cc00000| Untracked 
| 487|0x000000073ce00000, 0x000000073ce00000, 0x000000073d000000|  0%| F|  |TAMS 0x000000073ce00000, 0x000000073ce00000| Untracked 
| 488|0x000000073d000000, 0x000000073d000000, 0x000000073d200000|  0%| F|  |TAMS 0x000000073d000000, 0x000000073d000000| Untracked 
| 489|0x000000073d200000, 0x000000073d400000, 0x000000073d400000|100%| O|  |TAMS 0x000000073d400000, 0x000000073d200000| Untracked 
| 490|0x000000073d400000, 0x000000073d400000, 0x000000073d600000|  0%| F|  |TAMS 0x000000073d400000, 0x000000073d400000| Untracked 
| 491|0x000000073d600000, 0x000000073d600000, 0x000000073d800000|  0%| F|  |TAMS 0x000000073d600000, 0x000000073d600000| Untracked 
| 492|0x000000073d800000, 0x000000073d800000, 0x000000073da00000|  0%| F|  |TAMS 0x000000073d800000, 0x000000073d800000| Untracked 
| 493|0x000000073da00000, 0x000000073da00000, 0x000000073dc00000|  0%| F|  |TAMS 0x000000073da00000, 0x000000073da00000| Untracked 
| 494|0x000000073dc00000, 0x000000073dc00000, 0x000000073de00000|  0%| F|  |TAMS 0x000000073dc00000, 0x000000073dc00000| Untracked 
| 495|0x000000073de00000, 0x000000073de00000, 0x000000073e000000|  0%| F|  |TAMS 0x000000073de00000, 0x000000073de00000| Untracked 
| 496|0x000000073e000000, 0x000000073e000000, 0x000000073e200000|  0%| F|  |TAMS 0x000000073e000000, 0x000000073e000000| Untracked 
| 497|0x000000073e200000, 0x000000073e200000, 0x000000073e400000|  0%| F|  |TAMS 0x000000073e200000, 0x000000073e200000| Untracked 
| 498|0x000000073e400000, 0x000000073e400000, 0x000000073e600000|  0%| F|  |TAMS 0x000000073e400000, 0x000000073e400000| Untracked 
| 499|0x000000073e600000, 0x000000073e600000, 0x000000073e800000|  0%| F|  |TAMS 0x000000073e600000, 0x000000073e600000| Untracked 
| 500|0x000000073e800000, 0x000000073e800000, 0x000000073ea00000|  0%| F|  |TAMS 0x000000073e800000, 0x000000073e800000| Untracked 
| 501|0x000000073ea00000, 0x000000073ea00000, 0x000000073ec00000|  0%| F|  |TAMS 0x000000073ea00000, 0x000000073ea00000| Untracked 
| 502|0x000000073ec00000, 0x000000073ee00000, 0x000000073ee00000|100%| O|  |TAMS 0x000000073ee00000, 0x000000073ec00000| Untracked 
| 503|0x000000073ee00000, 0x000000073ee00000, 0x000000073f000000|  0%| F|  |TAMS 0x000000073ee00000, 0x000000073ee00000| Untracked 
| 504|0x000000073f000000, 0x000000073f000000, 0x000000073f200000|  0%| F|  |TAMS 0x000000073f000000, 0x000000073f000000| Untracked 
| 505|0x000000073f200000, 0x000000073f200000, 0x000000073f400000|  0%| F|  |TAMS 0x000000073f200000, 0x000000073f200000| Untracked 
| 506|0x000000073f400000, 0x000000073f400000, 0x000000073f600000|  0%| F|  |TAMS 0x000000073f400000, 0x000000073f400000| Untracked 
| 507|0x000000073f600000, 0x000000073f600000, 0x000000073f800000|  0%| F|  |TAMS 0x000000073f600000, 0x000000073f600000| Untracked 
| 508|0x000000073f800000, 0x000000073fa00000, 0x000000073fa00000|100%| O|  |TAMS 0x000000073fa00000, 0x000000073f800000| Untracked 
| 509|0x000000073fa00000, 0x000000073fc00000, 0x000000073fc00000|100%| O|  |TAMS 0x000000073fc00000, 0x000000073fa00000| Untracked 
| 510|0x000000073fc00000, 0x000000073fc00000, 0x000000073fe00000|  0%| F|  |TAMS 0x000000073fc00000, 0x000000073fc00000| Untracked 
| 511|0x000000073fe00000, 0x0000000740000000, 0x0000000740000000|100%| O|  |TAMS 0x0000000740000000, 0x000000073fe00000| Untracked 
| 512|0x0000000740000000, 0x0000000740000000, 0x0000000740200000|  0%| F|  |TAMS 0x0000000740000000, 0x0000000740000000| Untracked 
| 513|0x0000000740200000, 0x0000000740200000, 0x0000000740400000|  0%| F|  |TAMS 0x0000000740200000, 0x0000000740200000| Untracked 
| 514|0x0000000740400000, 0x0000000740400000, 0x0000000740600000|  0%| F|  |TAMS 0x0000000740400000, 0x0000000740400000| Untracked 
| 515|0x0000000740600000, 0x0000000740600000, 0x0000000740800000|  0%| F|  |TAMS 0x0000000740600000, 0x0000000740600000| Untracked 
| 516|0x0000000740800000, 0x0000000740800000, 0x0000000740a00000|  0%| F|  |TAMS 0x0000000740800000, 0x0000000740800000| Untracked 
| 517|0x0000000740a00000, 0x0000000740a00000, 0x0000000740c00000|  0%| F|  |TAMS 0x0000000740a00000, 0x0000000740a00000| Untracked 
| 518|0x0000000740c00000, 0x0000000740c00000, 0x0000000740e00000|  0%| F|  |TAMS 0x0000000740c00000, 0x0000000740c00000| Untracked 
| 519|0x0000000740e00000, 0x0000000740e00000, 0x0000000741000000|  0%| F|  |TAMS 0x0000000740e00000, 0x0000000740e00000| Untracked 
| 520|0x0000000741000000, 0x0000000741000000, 0x0000000741200000|  0%| F|  |TAMS 0x0000000741000000, 0x0000000741000000| Untracked 
| 521|0x0000000741200000, 0x0000000741200000, 0x0000000741400000|  0%| F|  |TAMS 0x0000000741200000, 0x0000000741200000| Untracked 
| 522|0x0000000741400000, 0x0000000741400000, 0x0000000741600000|  0%| F|  |TAMS 0x0000000741400000, 0x0000000741400000| Untracked 
| 523|0x0000000741600000, 0x0000000741600000, 0x0000000741800000|  0%| F|  |TAMS 0x0000000741600000, 0x0000000741600000| Untracked 
| 524|0x0000000741800000, 0x0000000741800000, 0x0000000741a00000|  0%| F|  |TAMS 0x0000000741800000, 0x0000000741800000| Untracked 
| 525|0x0000000741a00000, 0x0000000741a00000, 0x0000000741c00000|  0%| F|  |TAMS 0x0000000741a00000, 0x0000000741a00000| Untracked 
| 526|0x0000000741c00000, 0x0000000741c00000, 0x0000000741e00000|  0%| F|  |TAMS 0x0000000741c00000, 0x0000000741c00000| Untracked 
| 527|0x0000000741e00000, 0x0000000741e00000, 0x0000000742000000|  0%| F|  |TAMS 0x0000000741e00000, 0x0000000741e00000| Untracked 
| 528|0x0000000742000000, 0x0000000742000000, 0x0000000742200000|  0%| F|  |TAMS 0x0000000742000000, 0x0000000742000000| Untracked 
| 529|0x0000000742200000, 0x0000000742200000, 0x0000000742400000|  0%| F|  |TAMS 0x0000000742200000, 0x0000000742200000| Untracked 
| 530|0x0000000742400000, 0x0000000742400000, 0x0000000742600000|  0%| F|  |TAMS 0x0000000742400000, 0x0000000742400000| Untracked 
| 531|0x0000000742600000, 0x0000000742600000, 0x0000000742800000|  0%| F|  |TAMS 0x0000000742600000, 0x0000000742600000| Untracked 
| 532|0x0000000742800000, 0x0000000742a00000, 0x0000000742a00000|100%| O|  |TAMS 0x0000000742a00000, 0x0000000742800000| Untracked 
| 533|0x0000000742a00000, 0x0000000742c00000, 0x0000000742c00000|100%| O|  |TAMS 0x0000000742c00000, 0x0000000742a00000| Untracked 
| 534|0x0000000742c00000, 0x0000000742e00000, 0x0000000742e00000|100%| O|  |TAMS 0x0000000742e00000, 0x0000000742c00000| Untracked 
| 535|0x0000000742e00000, 0x0000000743000000, 0x0000000743000000|100%| O|  |TAMS 0x0000000743000000, 0x0000000742e00000| Untracked 
| 536|0x0000000743000000, 0x0000000743200000, 0x0000000743200000|100%| O|  |TAMS 0x0000000743200000, 0x0000000743000000| Untracked 
| 537|0x0000000743200000, 0x0000000743200000, 0x0000000743400000|  0%| F|  |TAMS 0x0000000743200000, 0x0000000743200000| Untracked 
| 538|0x0000000743400000, 0x0000000743600000, 0x0000000743600000|100%| O|  |TAMS 0x0000000743600000, 0x0000000743400000| Untracked 
| 539|0x0000000743600000, 0x0000000743800000, 0x0000000743800000|100%| O|  |TAMS 0x0000000743800000, 0x0000000743600000| Untracked 
| 540|0x0000000743800000, 0x0000000743a00000, 0x0000000743a00000|100%| O|  |TAMS 0x0000000743a00000, 0x0000000743800000| Untracked 
| 541|0x0000000743a00000, 0x0000000743c00000, 0x0000000743c00000|100%| O|  |TAMS 0x0000000743c00000, 0x0000000743a00000| Untracked 
| 542|0x0000000743c00000, 0x0000000743e00000, 0x0000000743e00000|100%| O|  |TAMS 0x0000000743e00000, 0x0000000743c00000| Untracked 
| 543|0x0000000743e00000, 0x0000000744000000, 0x0000000744000000|100%| O|  |TAMS 0x0000000744000000, 0x0000000743e00000| Untracked 
| 544|0x0000000744000000, 0x0000000744200000, 0x0000000744200000|100%| O|  |TAMS 0x0000000744200000, 0x0000000744000000| Untracked 
| 545|0x0000000744200000, 0x0000000744400000, 0x0000000744400000|100%| O|  |TAMS 0x0000000744400000, 0x0000000744200000| Untracked 
| 546|0x0000000744400000, 0x0000000744600000, 0x0000000744600000|100%| O|  |TAMS 0x0000000744600000, 0x0000000744400000| Untracked 
| 547|0x0000000744600000, 0x0000000744800000, 0x0000000744800000|100%| O|  |TAMS 0x0000000744800000, 0x0000000744600000| Untracked 
| 548|0x0000000744800000, 0x0000000744a00000, 0x0000000744a00000|100%| O|  |TAMS 0x0000000744a00000, 0x0000000744800000| Untracked 
| 549|0x0000000744a00000, 0x0000000744c00000, 0x0000000744c00000|100%| O|  |TAMS 0x0000000744c00000, 0x0000000744a00000| Untracked 
| 550|0x0000000744c00000, 0x0000000744e00000, 0x0000000744e00000|100%| O|  |TAMS 0x0000000744e00000, 0x0000000744c00000| Untracked 
| 551|0x0000000744e00000, 0x0000000745000000, 0x0000000745000000|100%| O|  |TAMS 0x0000000745000000, 0x0000000744e00000| Untracked 
| 552|0x0000000745000000, 0x0000000745200000, 0x0000000745200000|100%| O|  |TAMS 0x0000000745200000, 0x0000000745000000| Untracked 
| 553|0x0000000745200000, 0x0000000745400000, 0x0000000745400000|100%| O|  |TAMS 0x0000000745400000, 0x0000000745200000| Untracked 
| 554|0x0000000745400000, 0x0000000745600000, 0x0000000745600000|100%| O|  |TAMS 0x0000000745600000, 0x0000000745400000| Untracked 
| 555|0x0000000745600000, 0x0000000745800000, 0x0000000745800000|100%| O|  |TAMS 0x0000000745800000, 0x0000000745600000| Untracked 
| 556|0x0000000745800000, 0x0000000745a00000, 0x0000000745a00000|100%| O|  |TAMS 0x0000000745a00000, 0x0000000745800000| Untracked 
| 557|0x0000000745a00000, 0x0000000745c00000, 0x0000000745c00000|100%| O|  |TAMS 0x0000000745c00000, 0x0000000745a00000| Untracked 
| 558|0x0000000745c00000, 0x0000000745e00000, 0x0000000745e00000|100%| O|  |TAMS 0x0000000745e00000, 0x0000000745c00000| Untracked 
| 559|0x0000000745e00000, 0x0000000746000000, 0x0000000746000000|100%| O|  |TAMS 0x0000000746000000, 0x0000000745e00000| Untracked 
| 560|0x0000000746000000, 0x0000000746200000, 0x0000000746200000|100%| O|  |TAMS 0x0000000746200000, 0x0000000746000000| Untracked 
| 561|0x0000000746200000, 0x0000000746400000, 0x0000000746400000|100%| O|  |TAMS 0x0000000746400000, 0x0000000746200000| Untracked 
| 562|0x0000000746400000, 0x0000000746400000, 0x0000000746600000|  0%| F|  |TAMS 0x0000000746400000, 0x0000000746400000| Untracked 
| 563|0x0000000746600000, 0x0000000746600000, 0x0000000746800000|  0%| F|  |TAMS 0x0000000746600000, 0x0000000746600000| Untracked 
| 564|0x0000000746800000, 0x0000000746800000, 0x0000000746a00000|  0%| F|  |TAMS 0x0000000746800000, 0x0000000746800000| Untracked 
| 565|0x0000000746a00000, 0x0000000746a00000, 0x0000000746c00000|  0%| F|  |TAMS 0x0000000746a00000, 0x0000000746a00000| Untracked 
| 566|0x0000000746c00000, 0x0000000746e00000, 0x0000000746e00000|100%| O|  |TAMS 0x0000000746e00000, 0x0000000746c00000| Untracked 
| 567|0x0000000746e00000, 0x0000000747000000, 0x0000000747000000|100%| O|  |TAMS 0x0000000747000000, 0x0000000746e00000| Untracked 
| 568|0x0000000747000000, 0x0000000747000000, 0x0000000747200000|  0%| F|  |TAMS 0x0000000747000000, 0x0000000747000000| Untracked 
| 569|0x0000000747200000, 0x0000000747400000, 0x0000000747400000|100%| O|  |TAMS 0x0000000747400000, 0x0000000747200000| Untracked 
| 570|0x0000000747400000, 0x0000000747600000, 0x0000000747600000|100%| O|  |TAMS 0x0000000747600000, 0x0000000747400000| Untracked 
| 571|0x0000000747600000, 0x0000000747800000, 0x0000000747800000|100%| O|  |TAMS 0x0000000747800000, 0x0000000747600000| Untracked 
| 572|0x0000000747800000, 0x0000000747a00000, 0x0000000747a00000|100%| O|  |TAMS 0x0000000747a00000, 0x0000000747800000| Untracked 
| 573|0x0000000747a00000, 0x0000000747c00000, 0x0000000747c00000|100%| O|  |TAMS 0x0000000747c00000, 0x0000000747a00000| Untracked 
| 574|0x0000000747c00000, 0x0000000747c00000, 0x0000000747e00000|  0%| F|  |TAMS 0x0000000747c00000, 0x0000000747c00000| Untracked 
| 575|0x0000000747e00000, 0x0000000747e00000, 0x0000000748000000|  0%| F|  |TAMS 0x0000000747e00000, 0x0000000747e00000| Untracked 
| 576|0x0000000748000000, 0x0000000748000000, 0x0000000748200000|  0%| F|  |TAMS 0x0000000748000000, 0x0000000748000000| Untracked 
| 577|0x0000000748200000, 0x0000000748200000, 0x0000000748400000|  0%| F|  |TAMS 0x0000000748200000, 0x0000000748200000| Untracked 
| 578|0x0000000748400000, 0x0000000748400000, 0x0000000748600000|  0%| F|  |TAMS 0x0000000748400000, 0x0000000748400000| Untracked 
| 579|0x0000000748600000, 0x0000000748600000, 0x0000000748800000|  0%| F|  |TAMS 0x0000000748600000, 0x0000000748600000| Untracked 
| 580|0x0000000748800000, 0x0000000748800000, 0x0000000748a00000|  0%| F|  |TAMS 0x0000000748800000, 0x0000000748800000| Untracked 
| 581|0x0000000748a00000, 0x0000000748a00000, 0x0000000748c00000|  0%| F|  |TAMS 0x0000000748a00000, 0x0000000748a00000| Untracked 
| 582|0x0000000748c00000, 0x0000000748e00000, 0x0000000748e00000|100%| O|  |TAMS 0x0000000748e00000, 0x0000000748c00000| Complete 
| 583|0x0000000748e00000, 0x0000000748e00000, 0x0000000749000000|  0%| F|  |TAMS 0x0000000748e00000, 0x0000000748e00000| Untracked 
| 584|0x0000000749000000, 0x0000000749000000, 0x0000000749200000|  0%| F|  |TAMS 0x0000000749000000, 0x0000000749000000| Untracked 
| 585|0x0000000749200000, 0x0000000749200000, 0x0000000749400000|  0%| F|  |TAMS 0x0000000749200000, 0x0000000749200000| Untracked 
| 586|0x0000000749400000, 0x0000000749600000, 0x0000000749600000|100%| O|  |TAMS 0x0000000749600000, 0x0000000749400000| Untracked 
| 587|0x0000000749600000, 0x0000000749800000, 0x0000000749800000|100%| O|  |TAMS 0x0000000749800000, 0x0000000749600000| Untracked 
| 588|0x0000000749800000, 0x0000000749800000, 0x0000000749a00000|  0%| F|  |TAMS 0x0000000749800000, 0x0000000749800000| Untracked 
| 589|0x0000000749a00000, 0x0000000749c00000, 0x0000000749c00000|100%| O|  |TAMS 0x0000000749c00000, 0x0000000749a00000| Untracked 
| 590|0x0000000749c00000, 0x0000000749e00000, 0x0000000749e00000|100%| O|  |TAMS 0x0000000749e00000, 0x0000000749c00000| Untracked 
| 591|0x0000000749e00000, 0x000000074a000000, 0x000000074a000000|100%| O|  |TAMS 0x000000074a000000, 0x0000000749e00000| Untracked 
| 592|0x000000074a000000, 0x000000074a200000, 0x000000074a200000|100%| O|  |TAMS 0x000000074a200000, 0x000000074a000000| Untracked 
| 593|0x000000074a200000, 0x000000074a400000, 0x000000074a400000|100%| O|  |TAMS 0x000000074a400000, 0x000000074a200000| Untracked 
| 594|0x000000074a400000, 0x000000074a600000, 0x000000074a600000|100%| O|  |TAMS 0x000000074a600000, 0x000000074a400000| Untracked 
| 595|0x000000074a600000, 0x000000074a800000, 0x000000074a800000|100%| O|  |TAMS 0x000000074a800000, 0x000000074a600000| Untracked 
| 596|0x000000074a800000, 0x000000074aa00000, 0x000000074aa00000|100%| O|  |TAMS 0x000000074aa00000, 0x000000074a800000| Untracked 
| 597|0x000000074aa00000, 0x000000074ac00000, 0x000000074ac00000|100%| O|  |TAMS 0x000000074ac00000, 0x000000074aa00000| Untracked 
| 598|0x000000074ac00000, 0x000000074ae00000, 0x000000074ae00000|100%| O|  |TAMS 0x000000074ae00000, 0x000000074ac00000| Untracked 
| 599|0x000000074ae00000, 0x000000074b000000, 0x000000074b000000|100%| O|  |TAMS 0x000000074b000000, 0x000000074ae00000| Untracked 
| 600|0x000000074b000000, 0x000000074b200000, 0x000000074b200000|100%| O|  |TAMS 0x000000074b200000, 0x000000074b000000| Untracked 
| 601|0x000000074b200000, 0x000000074b400000, 0x000000074b400000|100%| O|  |TAMS 0x000000074b400000, 0x000000074b200000| Untracked 
| 602|0x000000074b400000, 0x000000074b600000, 0x000000074b600000|100%| O|  |TAMS 0x000000074b600000, 0x000000074b400000| Untracked 
| 603|0x000000074b600000, 0x000000074b800000, 0x000000074b800000|100%| O|  |TAMS 0x000000074b800000, 0x000000074b600000| Untracked 
| 604|0x000000074b800000, 0x000000074ba00000, 0x000000074ba00000|100%| O|  |TAMS 0x000000074ba00000, 0x000000074b800000| Untracked 
| 605|0x000000074ba00000, 0x000000074bc00000, 0x000000074bc00000|100%| O|  |TAMS 0x000000074bc00000, 0x000000074ba00000| Untracked 
| 606|0x000000074bc00000, 0x000000074be00000, 0x000000074be00000|100%| O|  |TAMS 0x000000074be00000, 0x000000074bc00000| Untracked 
| 607|0x000000074be00000, 0x000000074c000000, 0x000000074c000000|100%| O|  |TAMS 0x000000074c000000, 0x000000074be00000| Untracked 
| 608|0x000000074c000000, 0x000000074c200000, 0x000000074c200000|100%| O|  |TAMS 0x000000074c200000, 0x000000074c000000| Untracked 
| 609|0x000000074c200000, 0x000000074c400000, 0x000000074c400000|100%| O|  |TAMS 0x000000074c400000, 0x000000074c200000| Untracked 
| 610|0x000000074c400000, 0x000000074c600000, 0x000000074c600000|100%| O|  |TAMS 0x000000074c600000, 0x000000074c400000| Untracked 
| 611|0x000000074c600000, 0x000000074c800000, 0x000000074c800000|100%| O|  |TAMS 0x000000074c800000, 0x000000074c600000| Untracked 
| 612|0x000000074c800000, 0x000000074ca00000, 0x000000074ca00000|100%| O|  |TAMS 0x000000074ca00000, 0x000000074c800000| Untracked 
| 613|0x000000074ca00000, 0x000000074cc00000, 0x000000074cc00000|100%| O|  |TAMS 0x000000074cc00000, 0x000000074ca00000| Untracked 
| 614|0x000000074cc00000, 0x000000074ce00000, 0x000000074ce00000|100%| O|  |TAMS 0x000000074ce00000, 0x000000074cc00000| Untracked 
| 615|0x000000074ce00000, 0x000000074d000000, 0x000000074d000000|100%| O|  |TAMS 0x000000074d000000, 0x000000074ce00000| Untracked 
| 616|0x000000074d000000, 0x000000074d200000, 0x000000074d200000|100%| O|  |TAMS 0x000000074d200000, 0x000000074d000000| Untracked 
| 617|0x000000074d200000, 0x000000074d200000, 0x000000074d400000|  0%| F|  |TAMS 0x000000074d200000, 0x000000074d200000| Untracked 
| 618|0x000000074d400000, 0x000000074d400000, 0x000000074d600000|  0%| F|  |TAMS 0x000000074d400000, 0x000000074d400000| Untracked 
| 619|0x000000074d600000, 0x000000074d600000, 0x000000074d800000|  0%| F|  |TAMS 0x000000074d600000, 0x000000074d600000| Untracked 
| 620|0x000000074d800000, 0x000000074d800000, 0x000000074da00000|  0%| F|  |TAMS 0x000000074d800000, 0x000000074d800000| Untracked 
| 621|0x000000074da00000, 0x000000074da00000, 0x000000074dc00000|  0%| F|  |TAMS 0x000000074da00000, 0x000000074da00000| Untracked 
| 622|0x000000074dc00000, 0x000000074dc00000, 0x000000074de00000|  0%| F|  |TAMS 0x000000074dc00000, 0x000000074dc00000| Untracked 
| 623|0x000000074de00000, 0x000000074de00000, 0x000000074e000000|  0%| F|  |TAMS 0x000000074de00000, 0x000000074de00000| Untracked 
| 624|0x000000074e000000, 0x000000074e000000, 0x000000074e200000|  0%| F|  |TAMS 0x000000074e000000, 0x000000074e000000| Untracked 
| 625|0x000000074e200000, 0x000000074e200000, 0x000000074e400000|  0%| F|  |TAMS 0x000000074e200000, 0x000000074e200000| Untracked 
| 626|0x000000074e400000, 0x000000074e400000, 0x000000074e600000|  0%| F|  |TAMS 0x000000074e400000, 0x000000074e400000| Untracked 
| 627|0x000000074e600000, 0x000000074e600000, 0x000000074e800000|  0%| F|  |TAMS 0x000000074e600000, 0x000000074e600000| Untracked 
| 628|0x000000074e800000, 0x000000074e800000, 0x000000074ea00000|  0%| F|  |TAMS 0x000000074e800000, 0x000000074e800000| Untracked 
| 629|0x000000074ea00000, 0x000000074ea00000, 0x000000074ec00000|  0%| F|  |TAMS 0x000000074ea00000, 0x000000074ea00000| Untracked 
| 630|0x000000074ec00000, 0x000000074ec00000, 0x000000074ee00000|  0%| F|  |TAMS 0x000000074ec00000, 0x000000074ec00000| Untracked 
| 631|0x000000074ee00000, 0x000000074ee00000, 0x000000074f000000|  0%| F|  |TAMS 0x000000074ee00000, 0x000000074ee00000| Untracked 
| 632|0x000000074f000000, 0x000000074f000000, 0x000000074f200000|  0%| F|  |TAMS 0x000000074f000000, 0x000000074f000000| Untracked 
| 633|0x000000074f200000, 0x000000074f200000, 0x000000074f400000|  0%| F|  |TAMS 0x000000074f200000, 0x000000074f200000| Untracked 
| 634|0x000000074f400000, 0x000000074f400000, 0x000000074f600000|  0%| F|  |TAMS 0x000000074f400000, 0x000000074f400000| Untracked 
| 635|0x000000074f600000, 0x000000074f600000, 0x000000074f800000|  0%| F|  |TAMS 0x000000074f600000, 0x000000074f600000| Untracked 
| 636|0x000000074f800000, 0x000000074f800000, 0x000000074fa00000|  0%| F|  |TAMS 0x000000074f800000, 0x000000074f800000| Untracked 
| 637|0x000000074fa00000, 0x000000074fa00000, 0x000000074fc00000|  0%| F|  |TAMS 0x000000074fa00000, 0x000000074fa00000| Untracked 
| 638|0x000000074fc00000, 0x000000074fc00000, 0x000000074fe00000|  0%| F|  |TAMS 0x000000074fc00000, 0x000000074fc00000| Untracked 
| 639|0x000000074fe00000, 0x000000074fe00000, 0x0000000750000000|  0%| F|  |TAMS 0x000000074fe00000, 0x000000074fe00000| Untracked 
| 640|0x0000000750000000, 0x0000000750000000, 0x0000000750200000|  0%| F|  |TAMS 0x0000000750000000, 0x0000000750000000| Untracked 
| 641|0x0000000750200000, 0x0000000750200000, 0x0000000750400000|  0%| F|  |TAMS 0x0000000750200000, 0x0000000750200000| Untracked 
| 642|0x0000000750400000, 0x0000000750400000, 0x0000000750600000|  0%| F|  |TAMS 0x0000000750400000, 0x0000000750400000| Untracked 
| 643|0x0000000750600000, 0x0000000750600000, 0x0000000750800000|  0%| F|  |TAMS 0x0000000750600000, 0x0000000750600000| Untracked 
| 644|0x0000000750800000, 0x0000000750800000, 0x0000000750a00000|  0%| F|  |TAMS 0x0000000750800000, 0x0000000750800000| Untracked 
| 645|0x0000000750a00000, 0x0000000750a00000, 0x0000000750c00000|  0%| F|  |TAMS 0x0000000750a00000, 0x0000000750a00000| Untracked 
| 646|0x0000000750c00000, 0x0000000750c00000, 0x0000000750e00000|  0%| F|  |TAMS 0x0000000750c00000, 0x0000000750c00000| Untracked 
| 647|0x0000000750e00000, 0x0000000750e00000, 0x0000000751000000|  0%| F|  |TAMS 0x0000000750e00000, 0x0000000750e00000| Untracked 
| 648|0x0000000751000000, 0x0000000751000000, 0x0000000751200000|  0%| F|  |TAMS 0x0000000751000000, 0x0000000751000000| Untracked 
| 649|0x0000000751200000, 0x0000000751200000, 0x0000000751400000|  0%| F|  |TAMS 0x0000000751200000, 0x0000000751200000| Untracked 
| 650|0x0000000751400000, 0x0000000751400000, 0x0000000751600000|  0%| F|  |TAMS 0x0000000751400000, 0x0000000751400000| Untracked 
| 651|0x0000000751600000, 0x0000000751600000, 0x0000000751800000|  0%| F|  |TAMS 0x0000000751600000, 0x0000000751600000| Untracked 
| 652|0x0000000751800000, 0x0000000751800000, 0x0000000751a00000|  0%| F|  |TAMS 0x0000000751800000, 0x0000000751800000| Untracked 
| 653|0x0000000751a00000, 0x0000000751a00000, 0x0000000751c00000|  0%| F|  |TAMS 0x0000000751a00000, 0x0000000751a00000| Untracked 
| 654|0x0000000751c00000, 0x0000000751c00000, 0x0000000751e00000|  0%| F|  |TAMS 0x0000000751c00000, 0x0000000751c00000| Untracked 
| 655|0x0000000751e00000, 0x0000000751e00000, 0x0000000752000000|  0%| F|  |TAMS 0x0000000751e00000, 0x0000000751e00000| Untracked 
| 656|0x0000000752000000, 0x0000000752000000, 0x0000000752200000|  0%| F|  |TAMS 0x0000000752000000, 0x0000000752000000| Untracked 
| 657|0x0000000752200000, 0x0000000752200000, 0x0000000752400000|  0%| F|  |TAMS 0x0000000752200000, 0x0000000752200000| Untracked 
| 658|0x0000000752400000, 0x0000000752400000, 0x0000000752600000|  0%| F|  |TAMS 0x0000000752400000, 0x0000000752400000| Untracked 
| 659|0x0000000752600000, 0x0000000752600000, 0x0000000752800000|  0%| F|  |TAMS 0x0000000752600000, 0x0000000752600000| Untracked 
| 660|0x0000000752800000, 0x0000000752800000, 0x0000000752a00000|  0%| F|  |TAMS 0x0000000752800000, 0x0000000752800000| Untracked 
| 661|0x0000000752a00000, 0x0000000752a00000, 0x0000000752c00000|  0%| F|  |TAMS 0x0000000752a00000, 0x0000000752a00000| Untracked 
| 662|0x0000000752c00000, 0x0000000752c00000, 0x0000000752e00000|  0%| F|  |TAMS 0x0000000752c00000, 0x0000000752c00000| Untracked 
| 663|0x0000000752e00000, 0x0000000752e00000, 0x0000000753000000|  0%| F|  |TAMS 0x0000000752e00000, 0x0000000752e00000| Untracked 
| 664|0x0000000753000000, 0x0000000753000000, 0x0000000753200000|  0%| F|  |TAMS 0x0000000753000000, 0x0000000753000000| Untracked 
| 665|0x0000000753200000, 0x0000000753200000, 0x0000000753400000|  0%| F|  |TAMS 0x0000000753200000, 0x0000000753200000| Untracked 
| 666|0x0000000753400000, 0x0000000753400000, 0x0000000753600000|  0%| F|  |TAMS 0x0000000753400000, 0x0000000753400000| Untracked 
| 667|0x0000000753600000, 0x0000000753600000, 0x0000000753800000|  0%| F|  |TAMS 0x0000000753600000, 0x0000000753600000| Untracked 
| 668|0x0000000753800000, 0x0000000753800000, 0x0000000753a00000|  0%| F|  |TAMS 0x0000000753800000, 0x0000000753800000| Untracked 
| 669|0x0000000753a00000, 0x0000000753a00000, 0x0000000753c00000|  0%| F|  |TAMS 0x0000000753a00000, 0x0000000753a00000| Untracked 
| 670|0x0000000753c00000, 0x0000000753c00000, 0x0000000753e00000|  0%| F|  |TAMS 0x0000000753c00000, 0x0000000753c00000| Untracked 
| 671|0x0000000753e00000, 0x0000000753e00000, 0x0000000754000000|  0%| F|  |TAMS 0x0000000753e00000, 0x0000000753e00000| Untracked 
| 672|0x0000000754000000, 0x0000000754000000, 0x0000000754200000|  0%| F|  |TAMS 0x0000000754000000, 0x0000000754000000| Untracked 
| 673|0x0000000754200000, 0x0000000754200000, 0x0000000754400000|  0%| F|  |TAMS 0x0000000754200000, 0x0000000754200000| Untracked 
| 674|0x0000000754400000, 0x0000000754400000, 0x0000000754600000|  0%| F|  |TAMS 0x0000000754400000, 0x0000000754400000| Untracked 
| 675|0x0000000754600000, 0x0000000754600000, 0x0000000754800000|  0%| F|  |TAMS 0x0000000754600000, 0x0000000754600000| Untracked 
| 676|0x0000000754800000, 0x0000000754800000, 0x0000000754a00000|  0%| F|  |TAMS 0x0000000754800000, 0x0000000754800000| Untracked 
| 677|0x0000000754a00000, 0x0000000754a00000, 0x0000000754c00000|  0%| F|  |TAMS 0x0000000754a00000, 0x0000000754a00000| Untracked 
| 678|0x0000000754c00000, 0x0000000754c00000, 0x0000000754e00000|  0%| F|  |TAMS 0x0000000754c00000, 0x0000000754c00000| Untracked 
| 679|0x0000000754e00000, 0x0000000754e00000, 0x0000000755000000|  0%| F|  |TAMS 0x0000000754e00000, 0x0000000754e00000| Untracked 
| 680|0x0000000755000000, 0x0000000755000000, 0x0000000755200000|  0%| F|  |TAMS 0x0000000755000000, 0x0000000755000000| Untracked 
| 681|0x0000000755200000, 0x0000000755200000, 0x0000000755400000|  0%| F|  |TAMS 0x0000000755200000, 0x0000000755200000| Untracked 
| 682|0x0000000755400000, 0x0000000755400000, 0x0000000755600000|  0%| F|  |TAMS 0x0000000755400000, 0x0000000755400000| Untracked 
| 683|0x0000000755600000, 0x0000000755600000, 0x0000000755800000|  0%| F|  |TAMS 0x0000000755600000, 0x0000000755600000| Untracked 
| 684|0x0000000755800000, 0x0000000755800000, 0x0000000755a00000|  0%| F|  |TAMS 0x0000000755800000, 0x0000000755800000| Untracked 
| 685|0x0000000755a00000, 0x0000000755a00000, 0x0000000755c00000|  0%| F|  |TAMS 0x0000000755a00000, 0x0000000755a00000| Untracked 
| 686|0x0000000755c00000, 0x0000000755c00000, 0x0000000755e00000|  0%| F|  |TAMS 0x0000000755c00000, 0x0000000755c00000| Untracked 
| 687|0x0000000755e00000, 0x0000000755e00000, 0x0000000756000000|  0%| F|  |TAMS 0x0000000755e00000, 0x0000000755e00000| Untracked 
| 688|0x0000000756000000, 0x0000000756000000, 0x0000000756200000|  0%| F|  |TAMS 0x0000000756000000, 0x0000000756000000| Untracked 
| 689|0x0000000756200000, 0x0000000756200000, 0x0000000756400000|  0%| F|  |TAMS 0x0000000756200000, 0x0000000756200000| Untracked 
| 690|0x0000000756400000, 0x0000000756400000, 0x0000000756600000|  0%| F|  |TAMS 0x0000000756400000, 0x0000000756400000| Untracked 
| 691|0x0000000756600000, 0x0000000756600000, 0x0000000756800000|  0%| F|  |TAMS 0x0000000756600000, 0x0000000756600000| Untracked 
| 692|0x0000000756800000, 0x0000000756800000, 0x0000000756a00000|  0%| F|  |TAMS 0x0000000756800000, 0x0000000756800000| Untracked 
| 693|0x0000000756a00000, 0x0000000756a00000, 0x0000000756c00000|  0%| F|  |TAMS 0x0000000756a00000, 0x0000000756a00000| Untracked 
| 694|0x0000000756c00000, 0x0000000756c00000, 0x0000000756e00000|  0%| F|  |TAMS 0x0000000756c00000, 0x0000000756c00000| Untracked 
| 695|0x0000000756e00000, 0x0000000756e00000, 0x0000000757000000|  0%| F|  |TAMS 0x0000000756e00000, 0x0000000756e00000| Untracked 
| 696|0x0000000757000000, 0x0000000757000000, 0x0000000757200000|  0%| F|  |TAMS 0x0000000757000000, 0x0000000757000000| Untracked 
| 697|0x0000000757200000, 0x0000000757200000, 0x0000000757400000|  0%| F|  |TAMS 0x0000000757200000, 0x0000000757200000| Untracked 
| 698|0x0000000757400000, 0x0000000757400000, 0x0000000757600000|  0%| F|  |TAMS 0x0000000757400000, 0x0000000757400000| Untracked 
| 699|0x0000000757600000, 0x0000000757600000, 0x0000000757800000|  0%| F|  |TAMS 0x0000000757600000, 0x0000000757600000| Untracked 
| 700|0x0000000757800000, 0x0000000757800000, 0x0000000757a00000|  0%| F|  |TAMS 0x0000000757800000, 0x0000000757800000| Untracked 
| 701|0x0000000757a00000, 0x0000000757a00000, 0x0000000757c00000|  0%| F|  |TAMS 0x0000000757a00000, 0x0000000757a00000| Untracked 
| 702|0x0000000757c00000, 0x0000000757c00000, 0x0000000757e00000|  0%| F|  |TAMS 0x0000000757c00000, 0x0000000757c00000| Untracked 
| 703|0x0000000757e00000, 0x0000000757e00000, 0x0000000758000000|  0%| F|  |TAMS 0x0000000757e00000, 0x0000000757e00000| Untracked 
| 704|0x0000000758000000, 0x0000000758000000, 0x0000000758200000|  0%| F|  |TAMS 0x0000000758000000, 0x0000000758000000| Untracked 
| 705|0x0000000758200000, 0x0000000758200000, 0x0000000758400000|  0%| F|  |TAMS 0x0000000758200000, 0x0000000758200000| Untracked 
| 706|0x0000000758400000, 0x0000000758400000, 0x0000000758600000|  0%| F|  |TAMS 0x0000000758400000, 0x0000000758400000| Untracked 
| 707|0x0000000758600000, 0x0000000758600000, 0x0000000758800000|  0%| F|  |TAMS 0x0000000758600000, 0x0000000758600000| Untracked 
| 708|0x0000000758800000, 0x0000000758800000, 0x0000000758a00000|  0%| F|  |TAMS 0x0000000758800000, 0x0000000758800000| Untracked 
| 709|0x0000000758a00000, 0x0000000758a00000, 0x0000000758c00000|  0%| F|  |TAMS 0x0000000758a00000, 0x0000000758a00000| Untracked 
| 710|0x0000000758c00000, 0x0000000758c00000, 0x0000000758e00000|  0%| F|  |TAMS 0x0000000758c00000, 0x0000000758c00000| Untracked 
| 711|0x0000000758e00000, 0x0000000758e00000, 0x0000000759000000|  0%| F|  |TAMS 0x0000000758e00000, 0x0000000758e00000| Untracked 
| 712|0x0000000759000000, 0x0000000759000000, 0x0000000759200000|  0%| F|  |TAMS 0x0000000759000000, 0x0000000759000000| Untracked 
| 713|0x0000000759200000, 0x0000000759200000, 0x0000000759400000|  0%| F|  |TAMS 0x0000000759200000, 0x0000000759200000| Untracked 
| 714|0x0000000759400000, 0x0000000759400000, 0x0000000759600000|  0%| F|  |TAMS 0x0000000759400000, 0x0000000759400000| Untracked 
| 715|0x0000000759600000, 0x0000000759600000, 0x0000000759800000|  0%| F|  |TAMS 0x0000000759600000, 0x0000000759600000| Untracked 
| 716|0x0000000759800000, 0x0000000759800000, 0x0000000759a00000|  0%| F|  |TAMS 0x0000000759800000, 0x0000000759800000| Untracked 
| 717|0x0000000759a00000, 0x0000000759a00000, 0x0000000759c00000|  0%| F|  |TAMS 0x0000000759a00000, 0x0000000759a00000| Untracked 
| 718|0x0000000759c00000, 0x0000000759c00000, 0x0000000759e00000|  0%| F|  |TAMS 0x0000000759c00000, 0x0000000759c00000| Untracked 
| 719|0x0000000759e00000, 0x0000000759e00000, 0x000000075a000000|  0%| F|  |TAMS 0x0000000759e00000, 0x0000000759e00000| Untracked 
| 720|0x000000075a000000, 0x000000075a000000, 0x000000075a200000|  0%| F|  |TAMS 0x000000075a000000, 0x000000075a000000| Untracked 
| 721|0x000000075a200000, 0x000000075a200000, 0x000000075a400000|  0%| F|  |TAMS 0x000000075a200000, 0x000000075a200000| Untracked 
| 722|0x000000075a400000, 0x000000075a400000, 0x000000075a600000|  0%| F|  |TAMS 0x000000075a400000, 0x000000075a400000| Untracked 
| 723|0x000000075a600000, 0x000000075a600000, 0x000000075a800000|  0%| F|  |TAMS 0x000000075a600000, 0x000000075a600000| Untracked 
| 724|0x000000075a800000, 0x000000075a800000, 0x000000075aa00000|  0%| F|  |TAMS 0x000000075a800000, 0x000000075a800000| Untracked 
| 725|0x000000075aa00000, 0x000000075aa00000, 0x000000075ac00000|  0%| F|  |TAMS 0x000000075aa00000, 0x000000075aa00000| Untracked 
| 726|0x000000075ac00000, 0x000000075ac00000, 0x000000075ae00000|  0%| F|  |TAMS 0x000000075ac00000, 0x000000075ac00000| Untracked 
| 727|0x000000075ae00000, 0x000000075ae00000, 0x000000075b000000|  0%| F|  |TAMS 0x000000075ae00000, 0x000000075ae00000| Untracked 
| 728|0x000000075b000000, 0x000000075b000000, 0x000000075b200000|  0%| F|  |TAMS 0x000000075b000000, 0x000000075b000000| Untracked 
| 729|0x000000075b200000, 0x000000075b200000, 0x000000075b400000|  0%| F|  |TAMS 0x000000075b200000, 0x000000075b200000| Untracked 
| 730|0x000000075b400000, 0x000000075b600000, 0x000000075b600000|100%| O|  |TAMS 0x000000075b600000, 0x000000075b400000| Untracked 
| 731|0x000000075b600000, 0x000000075b800000, 0x000000075b800000|100%| O|  |TAMS 0x000000075b800000, 0x000000075b600000| Untracked 
| 732|0x000000075b800000, 0x000000075b800000, 0x000000075ba00000|  0%| F|  |TAMS 0x000000075b800000, 0x000000075b800000| Untracked 
| 733|0x000000075ba00000, 0x000000075ba00000, 0x000000075bc00000|  0%| F|  |TAMS 0x000000075ba00000, 0x000000075ba00000| Untracked 
| 734|0x000000075bc00000, 0x000000075bc00000, 0x000000075be00000|  0%| F|  |TAMS 0x000000075bc00000, 0x000000075bc00000| Untracked 
| 735|0x000000075be00000, 0x000000075be00000, 0x000000075c000000|  0%| F|  |TAMS 0x000000075be00000, 0x000000075be00000| Untracked 
| 736|0x000000075c000000, 0x000000075c000000, 0x000000075c200000|  0%| F|  |TAMS 0x000000075c000000, 0x000000075c000000| Untracked 
| 737|0x000000075c200000, 0x000000075c200000, 0x000000075c400000|  0%| F|  |TAMS 0x000000075c200000, 0x000000075c200000| Untracked 
| 738|0x000000075c400000, 0x000000075c400000, 0x000000075c600000|  0%| F|  |TAMS 0x000000075c400000, 0x000000075c400000| Untracked 
| 739|0x000000075c600000, 0x000000075c800000, 0x000000075c800000|100%| O|  |TAMS 0x000000075c800000, 0x000000075c600000| Untracked 
| 740|0x000000075c800000, 0x000000075c800000, 0x000000075ca00000|  0%| F|  |TAMS 0x000000075c800000, 0x000000075c800000| Untracked 
| 741|0x000000075ca00000, 0x000000075ca00000, 0x000000075cc00000|  0%| F|  |TAMS 0x000000075ca00000, 0x000000075ca00000| Untracked 
| 742|0x000000075cc00000, 0x000000075cc00000, 0x000000075ce00000|  0%| F|  |TAMS 0x000000075cc00000, 0x000000075cc00000| Untracked 
| 743|0x000000075ce00000, 0x000000075ce00000, 0x000000075d000000|  0%| F|  |TAMS 0x000000075ce00000, 0x000000075ce00000| Untracked 
| 744|0x000000075d000000, 0x000000075d000000, 0x000000075d200000|  0%| F|  |TAMS 0x000000075d000000, 0x000000075d000000| Untracked 
| 745|0x000000075d200000, 0x000000075d200000, 0x000000075d400000|  0%| F|  |TAMS 0x000000075d200000, 0x000000075d200000| Untracked 
| 746|0x000000075d400000, 0x000000075d400000, 0x000000075d600000|  0%| F|  |TAMS 0x000000075d400000, 0x000000075d400000| Untracked 
| 747|0x000000075d600000, 0x000000075d600000, 0x000000075d800000|  0%| F|  |TAMS 0x000000075d600000, 0x000000075d600000| Untracked 
| 748|0x000000075d800000, 0x000000075d800000, 0x000000075da00000|  0%| F|  |TAMS 0x000000075d800000, 0x000000075d800000| Untracked 
| 749|0x000000075da00000, 0x000000075da00000, 0x000000075dc00000|  0%| F|  |TAMS 0x000000075da00000, 0x000000075da00000| Untracked 
| 750|0x000000075dc00000, 0x000000075dc00000, 0x000000075de00000|  0%| F|  |TAMS 0x000000075dc00000, 0x000000075dc00000| Untracked 
| 751|0x000000075de00000, 0x000000075de00000, 0x000000075e000000|  0%| F|  |TAMS 0x000000075de00000, 0x000000075de00000| Untracked 
| 752|0x000000075e000000, 0x000000075e000000, 0x000000075e200000|  0%| F|  |TAMS 0x000000075e000000, 0x000000075e000000| Untracked 
| 753|0x000000075e200000, 0x000000075e200000, 0x000000075e400000|  0%| F|  |TAMS 0x000000075e200000, 0x000000075e200000| Untracked 
| 754|0x000000075e400000, 0x000000075e400000, 0x000000075e600000|  0%| F|  |TAMS 0x000000075e400000, 0x000000075e400000| Untracked 
| 755|0x000000075e600000, 0x000000075e600000, 0x000000075e800000|  0%| F|  |TAMS 0x000000075e600000, 0x000000075e600000| Untracked 
| 756|0x000000075e800000, 0x000000075e800000, 0x000000075ea00000|  0%| F|  |TAMS 0x000000075e800000, 0x000000075e800000| Untracked 
| 757|0x000000075ea00000, 0x000000075ea00000, 0x000000075ec00000|  0%| F|  |TAMS 0x000000075ea00000, 0x000000075ea00000| Untracked 
| 758|0x000000075ec00000, 0x000000075ec00000, 0x000000075ee00000|  0%| F|  |TAMS 0x000000075ec00000, 0x000000075ec00000| Untracked 
| 759|0x000000075ee00000, 0x000000075ee00000, 0x000000075f000000|  0%| F|  |TAMS 0x000000075ee00000, 0x000000075ee00000| Untracked 
| 760|0x000000075f000000, 0x000000075f000000, 0x000000075f200000|  0%| F|  |TAMS 0x000000075f000000, 0x000000075f000000| Untracked 
| 761|0x000000075f200000, 0x000000075f200000, 0x000000075f400000|  0%| F|  |TAMS 0x000000075f200000, 0x000000075f200000| Untracked 
| 762|0x000000075f400000, 0x000000075f400000, 0x000000075f600000|  0%| F|  |TAMS 0x000000075f400000, 0x000000075f400000| Untracked 
| 763|0x000000075f600000, 0x000000075f600000, 0x000000075f800000|  0%| F|  |TAMS 0x000000075f600000, 0x000000075f600000| Untracked 
| 764|0x000000075f800000, 0x000000075f800000, 0x000000075fa00000|  0%| F|  |TAMS 0x000000075f800000, 0x000000075f800000| Untracked 
| 765|0x000000075fa00000, 0x000000075fa00000, 0x000000075fc00000|  0%| F|  |TAMS 0x000000075fa00000, 0x000000075fa00000| Untracked 
| 766|0x000000075fc00000, 0x000000075fc00000, 0x000000075fe00000|  0%| F|  |TAMS 0x000000075fc00000, 0x000000075fc00000| Untracked 
| 767|0x000000075fe00000, 0x000000075fe00000, 0x0000000760000000|  0%| F|  |TAMS 0x000000075fe00000, 0x000000075fe00000| Untracked 
| 768|0x0000000760000000, 0x0000000760000000, 0x0000000760200000|  0%| F|  |TAMS 0x0000000760000000, 0x0000000760000000| Untracked 
| 769|0x0000000760200000, 0x0000000760200000, 0x0000000760400000|  0%| F|  |TAMS 0x0000000760200000, 0x0000000760200000| Untracked 
| 770|0x0000000760400000, 0x0000000760400000, 0x0000000760600000|  0%| F|  |TAMS 0x0000000760400000, 0x0000000760400000| Untracked 
| 771|0x0000000760600000, 0x0000000760600000, 0x0000000760800000|  0%| F|  |TAMS 0x0000000760600000, 0x0000000760600000| Untracked 
| 772|0x0000000760800000, 0x0000000760800000, 0x0000000760a00000|  0%| F|  |TAMS 0x0000000760800000, 0x0000000760800000| Untracked 
| 773|0x0000000760a00000, 0x0000000760a00000, 0x0000000760c00000|  0%| F|  |TAMS 0x0000000760a00000, 0x0000000760a00000| Untracked 
| 774|0x0000000760c00000, 0x0000000760c00000, 0x0000000760e00000|  0%| F|  |TAMS 0x0000000760c00000, 0x0000000760c00000| Untracked 
| 775|0x0000000760e00000, 0x0000000760e00000, 0x0000000761000000|  0%| F|  |TAMS 0x0000000760e00000, 0x0000000760e00000| Untracked 
| 776|0x0000000761000000, 0x0000000761000000, 0x0000000761200000|  0%| F|  |TAMS 0x0000000761000000, 0x0000000761000000| Untracked 
| 777|0x0000000761200000, 0x0000000761200000, 0x0000000761400000|  0%| F|  |TAMS 0x0000000761200000, 0x0000000761200000| Untracked 
| 778|0x0000000761400000, 0x0000000761400000, 0x0000000761600000|  0%| F|  |TAMS 0x0000000761400000, 0x0000000761400000| Untracked 
| 779|0x0000000761600000, 0x0000000761600000, 0x0000000761800000|  0%| F|  |TAMS 0x0000000761600000, 0x0000000761600000| Untracked 
| 780|0x0000000761800000, 0x0000000761800000, 0x0000000761a00000|  0%| F|  |TAMS 0x0000000761800000, 0x0000000761800000| Untracked 
| 781|0x0000000761a00000, 0x0000000761a00000, 0x0000000761c00000|  0%| F|  |TAMS 0x0000000761a00000, 0x0000000761a00000| Untracked 
| 782|0x0000000761c00000, 0x0000000761c00000, 0x0000000761e00000|  0%| F|  |TAMS 0x0000000761c00000, 0x0000000761c00000| Untracked 
| 783|0x0000000761e00000, 0x0000000761e00000, 0x0000000762000000|  0%| F|  |TAMS 0x0000000761e00000, 0x0000000761e00000| Untracked 
| 784|0x0000000762000000, 0x0000000762000000, 0x0000000762200000|  0%| F|  |TAMS 0x0000000762000000, 0x0000000762000000| Untracked 
| 785|0x0000000762200000, 0x0000000762200000, 0x0000000762400000|  0%| F|  |TAMS 0x0000000762200000, 0x0000000762200000| Untracked 
| 786|0x0000000762400000, 0x0000000762400000, 0x0000000762600000|  0%| F|  |TAMS 0x0000000762400000, 0x0000000762400000| Untracked 
| 787|0x0000000762600000, 0x0000000762600000, 0x0000000762800000|  0%| F|  |TAMS 0x0000000762600000, 0x0000000762600000| Untracked 
| 788|0x0000000762800000, 0x0000000762800000, 0x0000000762a00000|  0%| F|  |TAMS 0x0000000762800000, 0x0000000762800000| Untracked 
| 789|0x0000000762a00000, 0x0000000762a00000, 0x0000000762c00000|  0%| F|  |TAMS 0x0000000762a00000, 0x0000000762a00000| Untracked 
| 790|0x0000000762c00000, 0x0000000762c00000, 0x0000000762e00000|  0%| F|  |TAMS 0x0000000762c00000, 0x0000000762c00000| Untracked 
| 791|0x0000000762e00000, 0x0000000762e00000, 0x0000000763000000|  0%| F|  |TAMS 0x0000000762e00000, 0x0000000762e00000| Untracked 
| 792|0x0000000763000000, 0x0000000763000000, 0x0000000763200000|  0%| F|  |TAMS 0x0000000763000000, 0x0000000763000000| Untracked 
| 793|0x0000000763200000, 0x0000000763200000, 0x0000000763400000|  0%| F|  |TAMS 0x0000000763200000, 0x0000000763200000| Untracked 
| 794|0x0000000763400000, 0x0000000763400000, 0x0000000763600000|  0%| F|  |TAMS 0x0000000763400000, 0x0000000763400000| Untracked 
| 795|0x0000000763600000, 0x0000000763600000, 0x0000000763800000|  0%| F|  |TAMS 0x0000000763600000, 0x0000000763600000| Untracked 
| 796|0x0000000763800000, 0x0000000763800000, 0x0000000763a00000|  0%| F|  |TAMS 0x0000000763800000, 0x0000000763800000| Untracked 
| 797|0x0000000763a00000, 0x0000000763a00000, 0x0000000763c00000|  0%| F|  |TAMS 0x0000000763a00000, 0x0000000763a00000| Untracked 
| 798|0x0000000763c00000, 0x0000000763c00000, 0x0000000763e00000|  0%| F|  |TAMS 0x0000000763c00000, 0x0000000763c00000| Untracked 
| 799|0x0000000763e00000, 0x0000000763e00000, 0x0000000764000000|  0%| F|  |TAMS 0x0000000763e00000, 0x0000000763e00000| Untracked 
| 800|0x0000000764000000, 0x0000000764000000, 0x0000000764200000|  0%| F|  |TAMS 0x0000000764000000, 0x0000000764000000| Untracked 
| 801|0x0000000764200000, 0x0000000764200000, 0x0000000764400000|  0%| F|  |TAMS 0x0000000764200000, 0x0000000764200000| Untracked 
| 802|0x0000000764400000, 0x0000000764400000, 0x0000000764600000|  0%| F|  |TAMS 0x0000000764400000, 0x0000000764400000| Untracked 
| 803|0x0000000764600000, 0x0000000764600000, 0x0000000764800000|  0%| F|  |TAMS 0x0000000764600000, 0x0000000764600000| Untracked 
| 804|0x0000000764800000, 0x0000000764800000, 0x0000000764a00000|  0%| F|  |TAMS 0x0000000764800000, 0x0000000764800000| Untracked 
| 805|0x0000000764a00000, 0x0000000764a00000, 0x0000000764c00000|  0%| F|  |TAMS 0x0000000764a00000, 0x0000000764a00000| Untracked 
| 806|0x0000000764c00000, 0x0000000764c00000, 0x0000000764e00000|  0%| F|  |TAMS 0x0000000764c00000, 0x0000000764c00000| Untracked 
| 807|0x0000000764e00000, 0x0000000764e00000, 0x0000000765000000|  0%| F|  |TAMS 0x0000000764e00000, 0x0000000764e00000| Untracked 
| 808|0x0000000765000000, 0x0000000765000000, 0x0000000765200000|  0%| F|  |TAMS 0x0000000765000000, 0x0000000765000000| Untracked 
| 809|0x0000000765200000, 0x0000000765200000, 0x0000000765400000|  0%| F|  |TAMS 0x0000000765200000, 0x0000000765200000| Untracked 
| 810|0x0000000765400000, 0x0000000765400000, 0x0000000765600000|  0%| F|  |TAMS 0x0000000765400000, 0x0000000765400000| Untracked 
| 811|0x0000000765600000, 0x0000000765600000, 0x0000000765800000|  0%| F|  |TAMS 0x0000000765600000, 0x0000000765600000| Untracked 
| 812|0x0000000765800000, 0x0000000765800000, 0x0000000765a00000|  0%| F|  |TAMS 0x0000000765800000, 0x0000000765800000| Untracked 
| 813|0x0000000765a00000, 0x0000000765a00000, 0x0000000765c00000|  0%| F|  |TAMS 0x0000000765a00000, 0x0000000765a00000| Untracked 
| 814|0x0000000765c00000, 0x0000000765c00000, 0x0000000765e00000|  0%| F|  |TAMS 0x0000000765c00000, 0x0000000765c00000| Untracked 
| 815|0x0000000765e00000, 0x0000000765e00000, 0x0000000766000000|  0%| F|  |TAMS 0x0000000765e00000, 0x0000000765e00000| Untracked 
| 816|0x0000000766000000, 0x0000000766000000, 0x0000000766200000|  0%| F|  |TAMS 0x0000000766000000, 0x0000000766000000| Untracked 
| 817|0x0000000766200000, 0x0000000766200000, 0x0000000766400000|  0%| F|  |TAMS 0x0000000766200000, 0x0000000766200000| Untracked 
| 818|0x0000000766400000, 0x0000000766400000, 0x0000000766600000|  0%| F|  |TAMS 0x0000000766400000, 0x0000000766400000| Untracked 
| 819|0x0000000766600000, 0x0000000766600000, 0x0000000766800000|  0%| F|  |TAMS 0x0000000766600000, 0x0000000766600000| Untracked 
| 820|0x0000000766800000, 0x0000000766800000, 0x0000000766a00000|  0%| F|  |TAMS 0x0000000766800000, 0x0000000766800000| Untracked 
| 821|0x0000000766a00000, 0x0000000766a00000, 0x0000000766c00000|  0%| F|  |TAMS 0x0000000766a00000, 0x0000000766a00000| Untracked 
| 822|0x0000000766c00000, 0x0000000766c00000, 0x0000000766e00000|  0%| F|  |TAMS 0x0000000766c00000, 0x0000000766c00000| Untracked 
| 823|0x0000000766e00000, 0x0000000766e00000, 0x0000000767000000|  0%| F|  |TAMS 0x0000000766e00000, 0x0000000766e00000| Untracked 
| 824|0x0000000767000000, 0x0000000767000000, 0x0000000767200000|  0%| F|  |TAMS 0x0000000767000000, 0x0000000767000000| Untracked 
| 825|0x0000000767200000, 0x0000000767200000, 0x0000000767400000|  0%| F|  |TAMS 0x0000000767200000, 0x0000000767200000| Untracked 
| 826|0x0000000767400000, 0x0000000767400000, 0x0000000767600000|  0%| F|  |TAMS 0x0000000767400000, 0x0000000767400000| Untracked 
| 827|0x0000000767600000, 0x0000000767600000, 0x0000000767800000|  0%| F|  |TAMS 0x0000000767600000, 0x0000000767600000| Untracked 
| 828|0x0000000767800000, 0x0000000767800000, 0x0000000767a00000|  0%| F|  |TAMS 0x0000000767800000, 0x0000000767800000| Untracked 
| 829|0x0000000767a00000, 0x0000000767a00000, 0x0000000767c00000|  0%| F|  |TAMS 0x0000000767a00000, 0x0000000767a00000| Untracked 
| 830|0x0000000767c00000, 0x0000000767c00000, 0x0000000767e00000|  0%| F|  |TAMS 0x0000000767c00000, 0x0000000767c00000| Untracked 
| 831|0x0000000767e00000, 0x0000000767e00000, 0x0000000768000000|  0%| F|  |TAMS 0x0000000767e00000, 0x0000000767e00000| Untracked 
| 832|0x0000000768000000, 0x0000000768000000, 0x0000000768200000|  0%| F|  |TAMS 0x0000000768000000, 0x0000000768000000| Untracked 
| 833|0x0000000768200000, 0x0000000768200000, 0x0000000768400000|  0%| F|  |TAMS 0x0000000768200000, 0x0000000768200000| Untracked 
| 834|0x0000000768400000, 0x0000000768400000, 0x0000000768600000|  0%| F|  |TAMS 0x0000000768400000, 0x0000000768400000| Untracked 
| 835|0x0000000768600000, 0x0000000768600000, 0x0000000768800000|  0%| F|  |TAMS 0x0000000768600000, 0x0000000768600000| Untracked 
| 836|0x0000000768800000, 0x0000000768800000, 0x0000000768a00000|  0%| F|  |TAMS 0x0000000768800000, 0x0000000768800000| Untracked 
| 837|0x0000000768a00000, 0x0000000768a00000, 0x0000000768c00000|  0%| F|  |TAMS 0x0000000768a00000, 0x0000000768a00000| Untracked 
| 838|0x0000000768c00000, 0x0000000768c00000, 0x0000000768e00000|  0%| F|  |TAMS 0x0000000768c00000, 0x0000000768c00000| Untracked 
| 839|0x0000000768e00000, 0x0000000768e00000, 0x0000000769000000|  0%| F|  |TAMS 0x0000000768e00000, 0x0000000768e00000| Untracked 
| 840|0x0000000769000000, 0x0000000769000000, 0x0000000769200000|  0%| F|  |TAMS 0x0000000769000000, 0x0000000769000000| Untracked 
| 841|0x0000000769200000, 0x0000000769200000, 0x0000000769400000|  0%| F|  |TAMS 0x0000000769200000, 0x0000000769200000| Untracked 
| 842|0x0000000769400000, 0x0000000769400000, 0x0000000769600000|  0%| F|  |TAMS 0x0000000769400000, 0x0000000769400000| Untracked 
| 843|0x0000000769600000, 0x0000000769600000, 0x0000000769800000|  0%| F|  |TAMS 0x0000000769600000, 0x0000000769600000| Untracked 
| 844|0x0000000769800000, 0x0000000769800000, 0x0000000769a00000|  0%| F|  |TAMS 0x0000000769800000, 0x0000000769800000| Untracked 
| 845|0x0000000769a00000, 0x0000000769a00000, 0x0000000769c00000|  0%| F|  |TAMS 0x0000000769a00000, 0x0000000769a00000| Untracked 
| 846|0x0000000769c00000, 0x0000000769c00000, 0x0000000769e00000|  0%| F|  |TAMS 0x0000000769c00000, 0x0000000769c00000| Untracked 
| 847|0x0000000769e00000, 0x0000000769e00000, 0x000000076a000000|  0%| F|  |TAMS 0x0000000769e00000, 0x0000000769e00000| Untracked 
| 848|0x000000076a000000, 0x000000076a000000, 0x000000076a200000|  0%| F|  |TAMS 0x000000076a000000, 0x000000076a000000| Untracked 
| 849|0x000000076a200000, 0x000000076a200000, 0x000000076a400000|  0%| F|  |TAMS 0x000000076a200000, 0x000000076a200000| Untracked 
| 850|0x000000076a400000, 0x000000076a400000, 0x000000076a600000|  0%| F|  |TAMS 0x000000076a400000, 0x000000076a400000| Untracked 
| 851|0x000000076a600000, 0x000000076a600000, 0x000000076a800000|  0%| F|  |TAMS 0x000000076a600000, 0x000000076a600000| Untracked 
| 852|0x000000076a800000, 0x000000076a800000, 0x000000076aa00000|  0%| F|  |TAMS 0x000000076a800000, 0x000000076a800000| Untracked 
| 853|0x000000076aa00000, 0x000000076aa00000, 0x000000076ac00000|  0%| F|  |TAMS 0x000000076aa00000, 0x000000076aa00000| Untracked 
| 854|0x000000076ac00000, 0x000000076ac00000, 0x000000076ae00000|  0%| F|  |TAMS 0x000000076ac00000, 0x000000076ac00000| Untracked 
| 855|0x000000076ae00000, 0x000000076ae00000, 0x000000076b000000|  0%| F|  |TAMS 0x000000076ae00000, 0x000000076ae00000| Untracked 
| 856|0x000000076b000000, 0x000000076b000000, 0x000000076b200000|  0%| F|  |TAMS 0x000000076b000000, 0x000000076b000000| Untracked 
| 857|0x000000076b200000, 0x000000076b200000, 0x000000076b400000|  0%| F|  |TAMS 0x000000076b200000, 0x000000076b200000| Untracked 
| 858|0x000000076b400000, 0x000000076b400000, 0x000000076b600000|  0%| F|  |TAMS 0x000000076b400000, 0x000000076b400000| Untracked 
| 859|0x000000076b600000, 0x000000076b600000, 0x000000076b800000|  0%| F|  |TAMS 0x000000076b600000, 0x000000076b600000| Untracked 
| 860|0x000000076b800000, 0x000000076b800000, 0x000000076ba00000|  0%| F|  |TAMS 0x000000076b800000, 0x000000076b800000| Untracked 
| 861|0x000000076ba00000, 0x000000076ba00000, 0x000000076bc00000|  0%| F|  |TAMS 0x000000076ba00000, 0x000000076ba00000| Untracked 
| 862|0x000000076bc00000, 0x000000076bc00000, 0x000000076be00000|  0%| F|  |TAMS 0x000000076bc00000, 0x000000076bc00000| Untracked 
| 863|0x000000076be00000, 0x000000076be00000, 0x000000076c000000|  0%| F|  |TAMS 0x000000076be00000, 0x000000076be00000| Untracked 
| 864|0x000000076c000000, 0x000000076c000000, 0x000000076c200000|  0%| F|  |TAMS 0x000000076c000000, 0x000000076c000000| Untracked 
| 865|0x000000076c200000, 0x000000076c200000, 0x000000076c400000|  0%| F|  |TAMS 0x000000076c200000, 0x000000076c200000| Untracked 
| 866|0x000000076c400000, 0x000000076c400000, 0x000000076c600000|  0%| F|  |TAMS 0x000000076c400000, 0x000000076c400000| Untracked 
| 867|0x000000076c600000, 0x000000076c600000, 0x000000076c800000|  0%| F|  |TAMS 0x000000076c600000, 0x000000076c600000| Untracked 
| 868|0x000000076c800000, 0x000000076c800000, 0x000000076ca00000|  0%| F|  |TAMS 0x000000076c800000, 0x000000076c800000| Untracked 
| 869|0x000000076ca00000, 0x000000076ca00000, 0x000000076cc00000|  0%| F|  |TAMS 0x000000076ca00000, 0x000000076ca00000| Untracked 
| 870|0x000000076cc00000, 0x000000076cc00000, 0x000000076ce00000|  0%| F|  |TAMS 0x000000076cc00000, 0x000000076cc00000| Untracked 
| 871|0x000000076ce00000, 0x000000076ce00000, 0x000000076d000000|  0%| F|  |TAMS 0x000000076ce00000, 0x000000076ce00000| Untracked 
| 872|0x000000076d000000, 0x000000076d000000, 0x000000076d200000|  0%| F|  |TAMS 0x000000076d000000, 0x000000076d000000| Untracked 
| 873|0x000000076d200000, 0x000000076d200000, 0x000000076d400000|  0%| F|  |TAMS 0x000000076d200000, 0x000000076d200000| Untracked 
| 874|0x000000076d400000, 0x000000076d400000, 0x000000076d600000|  0%| F|  |TAMS 0x000000076d400000, 0x000000076d400000| Untracked 
| 875|0x000000076d600000, 0x000000076d600000, 0x000000076d800000|  0%| F|  |TAMS 0x000000076d600000, 0x000000076d600000| Untracked 
| 876|0x000000076d800000, 0x000000076d800000, 0x000000076da00000|  0%| F|  |TAMS 0x000000076d800000, 0x000000076d800000| Untracked 
| 877|0x000000076da00000, 0x000000076da00000, 0x000000076dc00000|  0%| F|  |TAMS 0x000000076da00000, 0x000000076da00000| Untracked 
| 878|0x000000076dc00000, 0x000000076dc00000, 0x000000076de00000|  0%| F|  |TAMS 0x000000076dc00000, 0x000000076dc00000| Untracked 
| 879|0x000000076de00000, 0x000000076de00000, 0x000000076e000000|  0%| F|  |TAMS 0x000000076de00000, 0x000000076de00000| Untracked 
| 880|0x000000076e000000, 0x000000076e000000, 0x000000076e200000|  0%| F|  |TAMS 0x000000076e000000, 0x000000076e000000| Untracked 
| 881|0x000000076e200000, 0x000000076e200000, 0x000000076e400000|  0%| F|  |TAMS 0x000000076e200000, 0x000000076e200000| Untracked 
| 882|0x000000076e400000, 0x000000076e400000, 0x000000076e600000|  0%| F|  |TAMS 0x000000076e400000, 0x000000076e400000| Untracked 
| 883|0x000000076e600000, 0x000000076e600000, 0x000000076e800000|  0%| F|  |TAMS 0x000000076e600000, 0x000000076e600000| Untracked 
| 884|0x000000076e800000, 0x000000076e800000, 0x000000076ea00000|  0%| F|  |TAMS 0x000000076e800000, 0x000000076e800000| Untracked 
| 885|0x000000076ea00000, 0x000000076ea00000, 0x000000076ec00000|  0%| F|  |TAMS 0x000000076ea00000, 0x000000076ea00000| Untracked 
| 886|0x000000076ec00000, 0x000000076ec00000, 0x000000076ee00000|  0%| F|  |TAMS 0x000000076ec00000, 0x000000076ec00000| Untracked 
| 887|0x000000076ee00000, 0x000000076ee00000, 0x000000076f000000|  0%| F|  |TAMS 0x000000076ee00000, 0x000000076ee00000| Untracked 
| 888|0x000000076f000000, 0x000000076f000000, 0x000000076f200000|  0%| F|  |TAMS 0x000000076f000000, 0x000000076f000000| Untracked 
| 889|0x000000076f200000, 0x000000076f200000, 0x000000076f400000|  0%| F|  |TAMS 0x000000076f200000, 0x000000076f200000| Untracked 
| 890|0x000000076f400000, 0x000000076f400000, 0x000000076f600000|  0%| F|  |TAMS 0x000000076f400000, 0x000000076f400000| Untracked 
| 891|0x000000076f600000, 0x000000076f600000, 0x000000076f800000|  0%| F|  |TAMS 0x000000076f600000, 0x000000076f600000| Untracked 
| 892|0x000000076f800000, 0x000000076f800000, 0x000000076fa00000|  0%| F|  |TAMS 0x000000076f800000, 0x000000076f800000| Untracked 
| 893|0x000000076fa00000, 0x000000076fa00000, 0x000000076fc00000|  0%| F|  |TAMS 0x000000076fa00000, 0x000000076fa00000| Untracked 
| 894|0x000000076fc00000, 0x000000076fc00000, 0x000000076fe00000|  0%| F|  |TAMS 0x000000076fc00000, 0x000000076fc00000| Untracked 
| 895|0x000000076fe00000, 0x000000076fe00000, 0x0000000770000000|  0%| F|  |TAMS 0x000000076fe00000, 0x000000076fe00000| Untracked 
| 896|0x0000000770000000, 0x0000000770000000, 0x0000000770200000|  0%| F|  |TAMS 0x0000000770000000, 0x0000000770000000| Untracked 
| 897|0x0000000770200000, 0x0000000770200000, 0x0000000770400000|  0%| F|  |TAMS 0x0000000770200000, 0x0000000770200000| Untracked 
| 898|0x0000000770400000, 0x0000000770400000, 0x0000000770600000|  0%| F|  |TAMS 0x0000000770400000, 0x0000000770400000| Untracked 
| 899|0x0000000770600000, 0x0000000770600000, 0x0000000770800000|  0%| F|  |TAMS 0x0000000770600000, 0x0000000770600000| Untracked 
| 900|0x0000000770800000, 0x0000000770800000, 0x0000000770a00000|  0%| F|  |TAMS 0x0000000770800000, 0x0000000770800000| Untracked 
| 901|0x0000000770a00000, 0x0000000770a00000, 0x0000000770c00000|  0%| F|  |TAMS 0x0000000770a00000, 0x0000000770a00000| Untracked 
| 902|0x0000000770c00000, 0x0000000770c00000, 0x0000000770e00000|  0%| F|  |TAMS 0x0000000770c00000, 0x0000000770c00000| Untracked 
| 903|0x0000000770e00000, 0x0000000770e00000, 0x0000000771000000|  0%| F|  |TAMS 0x0000000770e00000, 0x0000000770e00000| Untracked 
| 904|0x0000000771000000, 0x0000000771000000, 0x0000000771200000|  0%| F|  |TAMS 0x0000000771000000, 0x0000000771000000| Untracked 
| 905|0x0000000771200000, 0x0000000771200000, 0x0000000771400000|  0%| F|  |TAMS 0x0000000771200000, 0x0000000771200000| Untracked 
| 906|0x0000000771400000, 0x0000000771400000, 0x0000000771600000|  0%| F|  |TAMS 0x0000000771400000, 0x0000000771400000| Untracked 
| 907|0x0000000771600000, 0x0000000771600000, 0x0000000771800000|  0%| F|  |TAMS 0x0000000771600000, 0x0000000771600000| Untracked 
| 908|0x0000000771800000, 0x0000000771800000, 0x0000000771a00000|  0%| F|  |TAMS 0x0000000771800000, 0x0000000771800000| Untracked 
| 909|0x0000000771a00000, 0x0000000771a00000, 0x0000000771c00000|  0%| F|  |TAMS 0x0000000771a00000, 0x0000000771a00000| Untracked 
| 910|0x0000000771c00000, 0x0000000771c00000, 0x0000000771e00000|  0%| F|  |TAMS 0x0000000771c00000, 0x0000000771c00000| Untracked 
| 911|0x0000000771e00000, 0x0000000771e00000, 0x0000000772000000|  0%| F|  |TAMS 0x0000000771e00000, 0x0000000771e00000| Untracked 
| 912|0x0000000772000000, 0x0000000772000000, 0x0000000772200000|  0%| F|  |TAMS 0x0000000772000000, 0x0000000772000000| Untracked 
| 913|0x0000000772200000, 0x0000000772200000, 0x0000000772400000|  0%| F|  |TAMS 0x0000000772200000, 0x0000000772200000| Untracked 
| 914|0x0000000772400000, 0x0000000772400000, 0x0000000772600000|  0%| F|  |TAMS 0x0000000772400000, 0x0000000772400000| Untracked 
| 915|0x0000000772600000, 0x0000000772600000, 0x0000000772800000|  0%| F|  |TAMS 0x0000000772600000, 0x0000000772600000| Untracked 
| 916|0x0000000772800000, 0x0000000772800000, 0x0000000772a00000|  0%| F|  |TAMS 0x0000000772800000, 0x0000000772800000| Untracked 
| 917|0x0000000772a00000, 0x0000000772a00000, 0x0000000772c00000|  0%| F|  |TAMS 0x0000000772a00000, 0x0000000772a00000| Untracked 
| 918|0x0000000772c00000, 0x0000000772c00000, 0x0000000772e00000|  0%| F|  |TAMS 0x0000000772c00000, 0x0000000772c00000| Untracked 
| 919|0x0000000772e00000, 0x0000000772e00000, 0x0000000773000000|  0%| F|  |TAMS 0x0000000772e00000, 0x0000000772e00000| Untracked 
| 920|0x0000000773000000, 0x0000000773000000, 0x0000000773200000|  0%| F|  |TAMS 0x0000000773000000, 0x0000000773000000| Untracked 
| 921|0x0000000773200000, 0x0000000773200000, 0x0000000773400000|  0%| F|  |TAMS 0x0000000773200000, 0x0000000773200000| Untracked 
| 922|0x0000000773400000, 0x0000000773400000, 0x0000000773600000|  0%| F|  |TAMS 0x0000000773400000, 0x0000000773400000| Untracked 
| 923|0x0000000773600000, 0x0000000773600000, 0x0000000773800000|  0%| F|  |TAMS 0x0000000773600000, 0x0000000773600000| Untracked 
| 924|0x0000000773800000, 0x0000000773800000, 0x0000000773a00000|  0%| F|  |TAMS 0x0000000773800000, 0x0000000773800000| Untracked 
| 925|0x0000000773a00000, 0x0000000773a00000, 0x0000000773c00000|  0%| F|  |TAMS 0x0000000773a00000, 0x0000000773a00000| Untracked 
| 926|0x0000000773c00000, 0x0000000773c00000, 0x0000000773e00000|  0%| F|  |TAMS 0x0000000773c00000, 0x0000000773c00000| Untracked 
| 927|0x0000000773e00000, 0x0000000773e00000, 0x0000000774000000|  0%| F|  |TAMS 0x0000000773e00000, 0x0000000773e00000| Untracked 
| 928|0x0000000774000000, 0x0000000774000000, 0x0000000774200000|  0%| F|  |TAMS 0x0000000774000000, 0x0000000774000000| Untracked 
| 929|0x0000000774200000, 0x0000000774200000, 0x0000000774400000|  0%| F|  |TAMS 0x0000000774200000, 0x0000000774200000| Untracked 
| 930|0x0000000774400000, 0x0000000774400000, 0x0000000774600000|  0%| F|  |TAMS 0x0000000774400000, 0x0000000774400000| Untracked 
| 931|0x0000000774600000, 0x0000000774600000, 0x0000000774800000|  0%| F|  |TAMS 0x0000000774600000, 0x0000000774600000| Untracked 
| 932|0x0000000774800000, 0x0000000774800000, 0x0000000774a00000|  0%| F|  |TAMS 0x0000000774800000, 0x0000000774800000| Untracked 
| 933|0x0000000774a00000, 0x0000000774a00000, 0x0000000774c00000|  0%| F|  |TAMS 0x0000000774a00000, 0x0000000774a00000| Untracked 
| 934|0x0000000774c00000, 0x0000000774c00000, 0x0000000774e00000|  0%| F|  |TAMS 0x0000000774c00000, 0x0000000774c00000| Untracked 
| 935|0x0000000774e00000, 0x0000000774e00000, 0x0000000775000000|  0%| F|  |TAMS 0x0000000774e00000, 0x0000000774e00000| Untracked 
| 936|0x0000000775000000, 0x0000000775000000, 0x0000000775200000|  0%| F|  |TAMS 0x0000000775000000, 0x0000000775000000| Untracked 
| 937|0x0000000775200000, 0x0000000775200000, 0x0000000775400000|  0%| F|  |TAMS 0x0000000775200000, 0x0000000775200000| Untracked 
| 938|0x0000000775400000, 0x0000000775400000, 0x0000000775600000|  0%| F|  |TAMS 0x0000000775400000, 0x0000000775400000| Untracked 
| 939|0x0000000775600000, 0x0000000775600000, 0x0000000775800000|  0%| F|  |TAMS 0x0000000775600000, 0x0000000775600000| Untracked 
| 940|0x0000000775800000, 0x0000000775800000, 0x0000000775a00000|  0%| F|  |TAMS 0x0000000775800000, 0x0000000775800000| Untracked 
| 941|0x0000000775a00000, 0x0000000775a00000, 0x0000000775c00000|  0%| F|  |TAMS 0x0000000775a00000, 0x0000000775a00000| Untracked 
| 942|0x0000000775c00000, 0x0000000775c00000, 0x0000000775e00000|  0%| F|  |TAMS 0x0000000775c00000, 0x0000000775c00000| Untracked 
| 943|0x0000000775e00000, 0x0000000775e00000, 0x0000000776000000|  0%| F|  |TAMS 0x0000000775e00000, 0x0000000775e00000| Untracked 
| 944|0x0000000776000000, 0x0000000776000000, 0x0000000776200000|  0%| F|  |TAMS 0x0000000776000000, 0x0000000776000000| Untracked 
| 945|0x0000000776200000, 0x0000000776200000, 0x0000000776400000|  0%| F|  |TAMS 0x0000000776200000, 0x0000000776200000| Untracked 
| 946|0x0000000776400000, 0x0000000776400000, 0x0000000776600000|  0%| F|  |TAMS 0x0000000776400000, 0x0000000776400000| Untracked 
| 947|0x0000000776600000, 0x0000000776600000, 0x0000000776800000|  0%| F|  |TAMS 0x0000000776600000, 0x0000000776600000| Untracked 
| 948|0x0000000776800000, 0x0000000776800000, 0x0000000776a00000|  0%| F|  |TAMS 0x0000000776800000, 0x0000000776800000| Untracked 
| 949|0x0000000776a00000, 0x0000000776a00000, 0x0000000776c00000|  0%| F|  |TAMS 0x0000000776a00000, 0x0000000776a00000| Untracked 
| 950|0x0000000776c00000, 0x0000000776c00000, 0x0000000776e00000|  0%| F|  |TAMS 0x0000000776c00000, 0x0000000776c00000| Untracked 
| 951|0x0000000776e00000, 0x0000000776e00000, 0x0000000777000000|  0%| F|  |TAMS 0x0000000776e00000, 0x0000000776e00000| Untracked 
| 952|0x0000000777000000, 0x0000000777000000, 0x0000000777200000|  0%| F|  |TAMS 0x0000000777000000, 0x0000000777000000| Untracked 
| 953|0x0000000777200000, 0x0000000777200000, 0x0000000777400000|  0%| F|  |TAMS 0x0000000777200000, 0x0000000777200000| Untracked 
| 954|0x0000000777400000, 0x0000000777400000, 0x0000000777600000|  0%| F|  |TAMS 0x0000000777400000, 0x0000000777400000| Untracked 
| 955|0x0000000777600000, 0x0000000777600000, 0x0000000777800000|  0%| F|  |TAMS 0x0000000777600000, 0x0000000777600000| Untracked 
| 956|0x0000000777800000, 0x0000000777800000, 0x0000000777a00000|  0%| F|  |TAMS 0x0000000777800000, 0x0000000777800000| Untracked 
| 957|0x0000000777a00000, 0x0000000777a00000, 0x0000000777c00000|  0%| F|  |TAMS 0x0000000777a00000, 0x0000000777a00000| Untracked 
| 958|0x0000000777c00000, 0x0000000777c00000, 0x0000000777e00000|  0%| F|  |TAMS 0x0000000777c00000, 0x0000000777c00000| Untracked 
| 959|0x0000000777e00000, 0x0000000777e00000, 0x0000000778000000|  0%| F|  |TAMS 0x0000000777e00000, 0x0000000777e00000| Untracked 
| 960|0x0000000778000000, 0x0000000778000000, 0x0000000778200000|  0%| F|  |TAMS 0x0000000778000000, 0x0000000778000000| Untracked 
| 961|0x0000000778200000, 0x0000000778200000, 0x0000000778400000|  0%| F|  |TAMS 0x0000000778200000, 0x0000000778200000| Untracked 
| 962|0x0000000778400000, 0x0000000778400000, 0x0000000778600000|  0%| F|  |TAMS 0x0000000778400000, 0x0000000778400000| Untracked 
| 963|0x0000000778600000, 0x0000000778600000, 0x0000000778800000|  0%| F|  |TAMS 0x0000000778600000, 0x0000000778600000| Untracked 
| 964|0x0000000778800000, 0x0000000778800000, 0x0000000778a00000|  0%| F|  |TAMS 0x0000000778800000, 0x0000000778800000| Untracked 
| 965|0x0000000778a00000, 0x0000000778a00000, 0x0000000778c00000|  0%| F|  |TAMS 0x0000000778a00000, 0x0000000778a00000| Untracked 
| 966|0x0000000778c00000, 0x0000000778c00000, 0x0000000778e00000|  0%| F|  |TAMS 0x0000000778c00000, 0x0000000778c00000| Untracked 
| 967|0x0000000778e00000, 0x0000000778e00000, 0x0000000779000000|  0%| F|  |TAMS 0x0000000778e00000, 0x0000000778e00000| Untracked 
| 968|0x0000000779000000, 0x0000000779000000, 0x0000000779200000|  0%| F|  |TAMS 0x0000000779000000, 0x0000000779000000| Untracked 
| 969|0x0000000779200000, 0x0000000779200000, 0x0000000779400000|  0%| F|  |TAMS 0x0000000779200000, 0x0000000779200000| Untracked 
| 970|0x0000000779400000, 0x0000000779400000, 0x0000000779600000|  0%| F|  |TAMS 0x0000000779400000, 0x0000000779400000| Untracked 
| 971|0x0000000779600000, 0x0000000779600000, 0x0000000779800000|  0%| F|  |TAMS 0x0000000779600000, 0x0000000779600000| Untracked 
| 972|0x0000000779800000, 0x0000000779800000, 0x0000000779a00000|  0%| F|  |TAMS 0x0000000779800000, 0x0000000779800000| Untracked 
| 973|0x0000000779a00000, 0x0000000779a00000, 0x0000000779c00000|  0%| F|  |TAMS 0x0000000779a00000, 0x0000000779a00000| Untracked 
| 974|0x0000000779c00000, 0x0000000779c00000, 0x0000000779e00000|  0%| F|  |TAMS 0x0000000779c00000, 0x0000000779c00000| Untracked 
| 975|0x0000000779e00000, 0x0000000779e00000, 0x000000077a000000|  0%| F|  |TAMS 0x0000000779e00000, 0x0000000779e00000| Untracked 
| 976|0x000000077a000000, 0x000000077a000000, 0x000000077a200000|  0%| F|  |TAMS 0x000000077a000000, 0x000000077a000000| Untracked 
| 977|0x000000077a200000, 0x000000077a200000, 0x000000077a400000|  0%| F|  |TAMS 0x000000077a200000, 0x000000077a200000| Untracked 
| 978|0x000000077a400000, 0x000000077a400000, 0x000000077a600000|  0%| F|  |TAMS 0x000000077a400000, 0x000000077a400000| Untracked 
| 979|0x000000077a600000, 0x000000077a600000, 0x000000077a800000|  0%| F|  |TAMS 0x000000077a600000, 0x000000077a600000| Untracked 
| 980|0x000000077a800000, 0x000000077a800000, 0x000000077aa00000|  0%| F|  |TAMS 0x000000077a800000, 0x000000077a800000| Untracked 
| 981|0x000000077aa00000, 0x000000077aa00000, 0x000000077ac00000|  0%| F|  |TAMS 0x000000077aa00000, 0x000000077aa00000| Untracked 
| 982|0x000000077ac00000, 0x000000077ac00000, 0x000000077ae00000|  0%| F|  |TAMS 0x000000077ac00000, 0x000000077ac00000| Untracked 
| 983|0x000000077ae00000, 0x000000077ae00000, 0x000000077b000000|  0%| F|  |TAMS 0x000000077ae00000, 0x000000077ae00000| Untracked 
| 984|0x000000077b000000, 0x000000077b000000, 0x000000077b200000|  0%| F|  |TAMS 0x000000077b000000, 0x000000077b000000| Untracked 
| 985|0x000000077b200000, 0x000000077b200000, 0x000000077b400000|  0%| F|  |TAMS 0x000000077b200000, 0x000000077b200000| Untracked 
| 986|0x000000077b400000, 0x000000077b400000, 0x000000077b600000|  0%| F|  |TAMS 0x000000077b400000, 0x000000077b400000| Untracked 
| 987|0x000000077b600000, 0x000000077b600000, 0x000000077b800000|  0%| F|  |TAMS 0x000000077b600000, 0x000000077b600000| Untracked 
| 988|0x000000077b800000, 0x000000077b800000, 0x000000077ba00000|  0%| F|  |TAMS 0x000000077b800000, 0x000000077b800000| Untracked 
| 989|0x000000077ba00000, 0x000000077ba00000, 0x000000077bc00000|  0%| F|  |TAMS 0x000000077ba00000, 0x000000077ba00000| Untracked 
| 990|0x000000077bc00000, 0x000000077bc00000, 0x000000077be00000|  0%| F|  |TAMS 0x000000077bc00000, 0x000000077bc00000| Untracked 
| 991|0x000000077be00000, 0x000000077be00000, 0x000000077c000000|  0%| F|  |TAMS 0x000000077be00000, 0x000000077be00000| Untracked 
| 992|0x000000077c000000, 0x000000077c000000, 0x000000077c200000|  0%| F|  |TAMS 0x000000077c000000, 0x000000077c000000| Untracked 
| 993|0x000000077c200000, 0x000000077c200000, 0x000000077c400000|  0%| F|  |TAMS 0x000000077c200000, 0x000000077c200000| Untracked 
| 994|0x000000077c400000, 0x000000077c400000, 0x000000077c600000|  0%| F|  |TAMS 0x000000077c400000, 0x000000077c400000| Untracked 
| 995|0x000000077c600000, 0x000000077c600000, 0x000000077c800000|  0%| F|  |TAMS 0x000000077c600000, 0x000000077c600000| Untracked 
| 996|0x000000077c800000, 0x000000077c800000, 0x000000077ca00000|  0%| F|  |TAMS 0x000000077c800000, 0x000000077c800000| Untracked 
| 997|0x000000077ca00000, 0x000000077ca00000, 0x000000077cc00000|  0%| F|  |TAMS 0x000000077ca00000, 0x000000077ca00000| Untracked 
| 998|0x000000077cc00000, 0x000000077cc00000, 0x000000077ce00000|  0%| F|  |TAMS 0x000000077cc00000, 0x000000077cc00000| Untracked 
| 999|0x000000077ce00000, 0x000000077ce00000, 0x000000077d000000|  0%| F|  |TAMS 0x000000077ce00000, 0x000000077ce00000| Untracked 
|1000|0x000000077d000000, 0x000000077d000000, 0x000000077d200000|  0%| F|  |TAMS 0x000000077d000000, 0x000000077d000000| Untracked 
|1001|0x000000077d200000, 0x000000077d200000, 0x000000077d400000|  0%| F|  |TAMS 0x000000077d200000, 0x000000077d200000| Untracked 
|1002|0x000000077d400000, 0x000000077d400000, 0x000000077d600000|  0%| F|  |TAMS 0x000000077d400000, 0x000000077d400000| Untracked 
|1003|0x000000077d600000, 0x000000077d600000, 0x000000077d800000|  0%| F|  |TAMS 0x000000077d600000, 0x000000077d600000| Untracked 
|1004|0x000000077d800000, 0x000000077d800000, 0x000000077da00000|  0%| F|  |TAMS 0x000000077d800000, 0x000000077d800000| Untracked 
|1005|0x000000077da00000, 0x000000077da00000, 0x000000077dc00000|  0%| F|  |TAMS 0x000000077da00000, 0x000000077da00000| Untracked 
|1006|0x000000077dc00000, 0x000000077dc00000, 0x000000077de00000|  0%| F|  |TAMS 0x000000077dc00000, 0x000000077dc00000| Untracked 
|1007|0x000000077de00000, 0x000000077de00000, 0x000000077e000000|  0%| F|  |TAMS 0x000000077de00000, 0x000000077de00000| Untracked 
|1008|0x000000077e000000, 0x000000077e000000, 0x000000077e200000|  0%| F|  |TAMS 0x000000077e000000, 0x000000077e000000| Untracked 
|1009|0x000000077e200000, 0x000000077e200000, 0x000000077e400000|  0%| F|  |TAMS 0x000000077e200000, 0x000000077e200000| Untracked 
|1010|0x000000077e400000, 0x000000077e400000, 0x000000077e600000|  0%| F|  |TAMS 0x000000077e400000, 0x000000077e400000| Untracked 
|1011|0x000000077e600000, 0x000000077e600000, 0x000000077e800000|  0%| F|  |TAMS 0x000000077e600000, 0x000000077e600000| Untracked 
|1012|0x000000077e800000, 0x000000077e800000, 0x000000077ea00000|  0%| F|  |TAMS 0x000000077e800000, 0x000000077e800000| Untracked 
|1013|0x000000077ea00000, 0x000000077ea00000, 0x000000077ec00000|  0%| F|  |TAMS 0x000000077ea00000, 0x000000077ea00000| Untracked 
|1014|0x000000077ec00000, 0x000000077ec00000, 0x000000077ee00000|  0%| F|  |TAMS 0x000000077ec00000, 0x000000077ec00000| Untracked 
|1015|0x000000077ee00000, 0x000000077ee00000, 0x000000077f000000|  0%| F|  |TAMS 0x000000077ee00000, 0x000000077ee00000| Untracked 
|1016|0x000000077f000000, 0x000000077f000000, 0x000000077f200000|  0%| F|  |TAMS 0x000000077f000000, 0x000000077f000000| Untracked 
|1017|0x000000077f200000, 0x000000077f200000, 0x000000077f400000|  0%| F|  |TAMS 0x000000077f200000, 0x000000077f200000| Untracked 
|1018|0x000000077f400000, 0x000000077f400000, 0x000000077f600000|  0%| F|  |TAMS 0x000000077f400000, 0x000000077f400000| Untracked 
|1019|0x000000077f600000, 0x000000077f600000, 0x000000077f800000|  0%| F|  |TAMS 0x000000077f600000, 0x000000077f600000| Untracked 
|1020|0x000000077f800000, 0x000000077f800000, 0x000000077fa00000|  0%| F|  |TAMS 0x000000077f800000, 0x000000077f800000| Untracked 
|1021|0x000000077fa00000, 0x000000077fa00000, 0x000000077fc00000|  0%| F|  |TAMS 0x000000077fa00000, 0x000000077fa00000| Untracked 
|1022|0x000000077fc00000, 0x000000077fc00000, 0x000000077fe00000|  0%| F|  |TAMS 0x000000077fc00000, 0x000000077fc00000| Untracked 
|1023|0x000000077fe00000, 0x000000077fe00000, 0x0000000780000000|  0%| F|  |TAMS 0x000000077fe00000, 0x000000077fe00000| Untracked 
|1024|0x0000000780000000, 0x0000000780000000, 0x0000000780200000|  0%| F|  |TAMS 0x0000000780000000, 0x0000000780000000| Untracked 
|1025|0x0000000780200000, 0x0000000780200000, 0x0000000780400000|  0%| F|  |TAMS 0x0000000780200000, 0x0000000780200000| Untracked 
|1026|0x0000000780400000, 0x0000000780400000, 0x0000000780600000|  0%| F|  |TAMS 0x0000000780400000, 0x0000000780400000| Untracked 
|1027|0x0000000780600000, 0x0000000780600000, 0x0000000780800000|  0%| F|  |TAMS 0x0000000780600000, 0x0000000780600000| Untracked 
|1028|0x0000000780800000, 0x0000000780800000, 0x0000000780a00000|  0%| F|  |TAMS 0x0000000780800000, 0x0000000780800000| Untracked 
|1029|0x0000000780a00000, 0x0000000780a00000, 0x0000000780c00000|  0%| F|  |TAMS 0x0000000780a00000, 0x0000000780a00000| Untracked 
|1030|0x0000000780c00000, 0x0000000780c00000, 0x0000000780e00000|  0%| F|  |TAMS 0x0000000780c00000, 0x0000000780c00000| Untracked 
|1031|0x0000000780e00000, 0x0000000780e00000, 0x0000000781000000|  0%| F|  |TAMS 0x0000000780e00000, 0x0000000780e00000| Untracked 
|1032|0x0000000781000000, 0x0000000781000000, 0x0000000781200000|  0%| F|  |TAMS 0x0000000781000000, 0x0000000781000000| Untracked 
|1033|0x0000000781200000, 0x0000000781200000, 0x0000000781400000|  0%| F|  |TAMS 0x0000000781200000, 0x0000000781200000| Untracked 
|1034|0x0000000781400000, 0x0000000781400000, 0x0000000781600000|  0%| F|  |TAMS 0x0000000781400000, 0x0000000781400000| Untracked 
|1035|0x0000000781600000, 0x0000000781600000, 0x0000000781800000|  0%| F|  |TAMS 0x0000000781600000, 0x0000000781600000| Untracked 
|1036|0x0000000781800000, 0x0000000781800000, 0x0000000781a00000|  0%| F|  |TAMS 0x0000000781800000, 0x0000000781800000| Untracked 
|1037|0x0000000781a00000, 0x0000000781a00000, 0x0000000781c00000|  0%| F|  |TAMS 0x0000000781a00000, 0x0000000781a00000| Untracked 
|1038|0x0000000781c00000, 0x0000000781c00000, 0x0000000781e00000|  0%| F|  |TAMS 0x0000000781c00000, 0x0000000781c00000| Untracked 
|1039|0x0000000781e00000, 0x0000000781e00000, 0x0000000782000000|  0%| F|  |TAMS 0x0000000781e00000, 0x0000000781e00000| Untracked 
|1040|0x0000000782000000, 0x0000000782000000, 0x0000000782200000|  0%| F|  |TAMS 0x0000000782000000, 0x0000000782000000| Untracked 
|1041|0x0000000782200000, 0x0000000782200000, 0x0000000782400000|  0%| F|  |TAMS 0x0000000782200000, 0x0000000782200000| Untracked 
|1042|0x0000000782400000, 0x0000000782400000, 0x0000000782600000|  0%| F|  |TAMS 0x0000000782400000, 0x0000000782400000| Untracked 
|1043|0x0000000782600000, 0x0000000782600000, 0x0000000782800000|  0%| F|  |TAMS 0x0000000782600000, 0x0000000782600000| Untracked 
|1044|0x0000000782800000, 0x0000000782800000, 0x0000000782a00000|  0%| F|  |TAMS 0x0000000782800000, 0x0000000782800000| Untracked 
|1045|0x0000000782a00000, 0x0000000782a00000, 0x0000000782c00000|  0%| F|  |TAMS 0x0000000782a00000, 0x0000000782a00000| Untracked 
|1046|0x0000000782c00000, 0x0000000782c00000, 0x0000000782e00000|  0%| F|  |TAMS 0x0000000782c00000, 0x0000000782c00000| Untracked 
|1047|0x0000000782e00000, 0x0000000782e00000, 0x0000000783000000|  0%| F|  |TAMS 0x0000000782e00000, 0x0000000782e00000| Untracked 
|1048|0x0000000783000000, 0x0000000783000000, 0x0000000783200000|  0%| F|  |TAMS 0x0000000783000000, 0x0000000783000000| Untracked 
|1049|0x0000000783200000, 0x0000000783200000, 0x0000000783400000|  0%| F|  |TAMS 0x0000000783200000, 0x0000000783200000| Untracked 
|1050|0x0000000783400000, 0x0000000783400000, 0x0000000783600000|  0%| F|  |TAMS 0x0000000783400000, 0x0000000783400000| Untracked 
|1051|0x0000000783600000, 0x0000000783600000, 0x0000000783800000|  0%| F|  |TAMS 0x0000000783600000, 0x0000000783600000| Untracked 
|1052|0x0000000783800000, 0x0000000783800000, 0x0000000783a00000|  0%| F|  |TAMS 0x0000000783800000, 0x0000000783800000| Untracked 
|1053|0x0000000783a00000, 0x0000000783a00000, 0x0000000783c00000|  0%| F|  |TAMS 0x0000000783a00000, 0x0000000783a00000| Untracked 
|1054|0x0000000783c00000, 0x0000000783c00000, 0x0000000783e00000|  0%| F|  |TAMS 0x0000000783c00000, 0x0000000783c00000| Untracked 
|1055|0x0000000783e00000, 0x0000000783e00000, 0x0000000784000000|  0%| F|  |TAMS 0x0000000783e00000, 0x0000000783e00000| Untracked 
|1056|0x0000000784000000, 0x0000000784000000, 0x0000000784200000|  0%| F|  |TAMS 0x0000000784000000, 0x0000000784000000| Untracked 
|1057|0x0000000784200000, 0x0000000784200000, 0x0000000784400000|  0%| F|  |TAMS 0x0000000784200000, 0x0000000784200000| Untracked 
|1058|0x0000000784400000, 0x0000000784400000, 0x0000000784600000|  0%| F|  |TAMS 0x0000000784400000, 0x0000000784400000| Untracked 
|1059|0x0000000784600000, 0x0000000784600000, 0x0000000784800000|  0%| F|  |TAMS 0x0000000784600000, 0x0000000784600000| Untracked 
|1060|0x0000000784800000, 0x0000000784800000, 0x0000000784a00000|  0%| F|  |TAMS 0x0000000784800000, 0x0000000784800000| Untracked 
|1061|0x0000000784a00000, 0x0000000784a00000, 0x0000000784c00000|  0%| F|  |TAMS 0x0000000784a00000, 0x0000000784a00000| Untracked 
|1062|0x0000000784c00000, 0x0000000784c00000, 0x0000000784e00000|  0%| F|  |TAMS 0x0000000784c00000, 0x0000000784c00000| Untracked 
|1063|0x0000000784e00000, 0x0000000784e00000, 0x0000000785000000|  0%| F|  |TAMS 0x0000000784e00000, 0x0000000784e00000| Untracked 
|1064|0x0000000785000000, 0x0000000785000000, 0x0000000785200000|  0%| F|  |TAMS 0x0000000785000000, 0x0000000785000000| Untracked 
|1065|0x0000000785200000, 0x0000000785200000, 0x0000000785400000|  0%| F|  |TAMS 0x0000000785200000, 0x0000000785200000| Untracked 
|1066|0x0000000785400000, 0x0000000785400000, 0x0000000785600000|  0%| F|  |TAMS 0x0000000785400000, 0x0000000785400000| Untracked 
|1067|0x0000000785600000, 0x0000000785600000, 0x0000000785800000|  0%| F|  |TAMS 0x0000000785600000, 0x0000000785600000| Untracked 
|1068|0x0000000785800000, 0x0000000785800000, 0x0000000785a00000|  0%| F|  |TAMS 0x0000000785800000, 0x0000000785800000| Untracked 
|1069|0x0000000785a00000, 0x0000000785a00000, 0x0000000785c00000|  0%| F|  |TAMS 0x0000000785a00000, 0x0000000785a00000| Untracked 
|1070|0x0000000785c00000, 0x0000000785c00000, 0x0000000785e00000|  0%| F|  |TAMS 0x0000000785c00000, 0x0000000785c00000| Untracked 
|1071|0x0000000785e00000, 0x0000000785e00000, 0x0000000786000000|  0%| F|  |TAMS 0x0000000785e00000, 0x0000000785e00000| Untracked 
|1072|0x0000000786000000, 0x0000000786000000, 0x0000000786200000|  0%| F|  |TAMS 0x0000000786000000, 0x0000000786000000| Untracked 
|1073|0x0000000786200000, 0x0000000786200000, 0x0000000786400000|  0%| F|  |TAMS 0x0000000786200000, 0x0000000786200000| Untracked 
|1074|0x0000000786400000, 0x0000000786400000, 0x0000000786600000|  0%| F|  |TAMS 0x0000000786400000, 0x0000000786400000| Untracked 
|1075|0x0000000786600000, 0x0000000786600000, 0x0000000786800000|  0%| F|  |TAMS 0x0000000786600000, 0x0000000786600000| Untracked 
|1076|0x0000000786800000, 0x0000000786800000, 0x0000000786a00000|  0%| F|  |TAMS 0x0000000786800000, 0x0000000786800000| Untracked 
|1077|0x0000000786a00000, 0x0000000786a00000, 0x0000000786c00000|  0%| F|  |TAMS 0x0000000786a00000, 0x0000000786a00000| Untracked 
|1078|0x0000000786c00000, 0x0000000786c00000, 0x0000000786e00000|  0%| F|  |TAMS 0x0000000786c00000, 0x0000000786c00000| Untracked 
|1079|0x0000000786e00000, 0x0000000786e00000, 0x0000000787000000|  0%| F|  |TAMS 0x0000000786e00000, 0x0000000786e00000| Untracked 
|1080|0x0000000787000000, 0x0000000787000000, 0x0000000787200000|  0%| F|  |TAMS 0x0000000787000000, 0x0000000787000000| Untracked 
|1081|0x0000000787200000, 0x0000000787200000, 0x0000000787400000|  0%| F|  |TAMS 0x0000000787200000, 0x0000000787200000| Untracked 
|1082|0x0000000787400000, 0x0000000787400000, 0x0000000787600000|  0%| F|  |TAMS 0x0000000787400000, 0x0000000787400000| Untracked 
|1083|0x0000000787600000, 0x0000000787600000, 0x0000000787800000|  0%| F|  |TAMS 0x0000000787600000, 0x0000000787600000| Untracked 
|1084|0x0000000787800000, 0x0000000787800000, 0x0000000787a00000|  0%| F|  |TAMS 0x0000000787800000, 0x0000000787800000| Untracked 
|1085|0x0000000787a00000, 0x0000000787a00000, 0x0000000787c00000|  0%| F|  |TAMS 0x0000000787a00000, 0x0000000787a00000| Untracked 
|1086|0x0000000787c00000, 0x0000000787c00000, 0x0000000787e00000|  0%| F|  |TAMS 0x0000000787c00000, 0x0000000787c00000| Untracked 
|1087|0x0000000787e00000, 0x0000000787e00000, 0x0000000788000000|  0%| F|  |TAMS 0x0000000787e00000, 0x0000000787e00000| Untracked 
|1088|0x0000000788000000, 0x0000000788000000, 0x0000000788200000|  0%| F|  |TAMS 0x0000000788000000, 0x0000000788000000| Untracked 
|1089|0x0000000788200000, 0x0000000788200000, 0x0000000788400000|  0%| F|  |TAMS 0x0000000788200000, 0x0000000788200000| Untracked 
|1090|0x0000000788400000, 0x0000000788400000, 0x0000000788600000|  0%| F|  |TAMS 0x0000000788400000, 0x0000000788400000| Untracked 
|1091|0x0000000788600000, 0x0000000788600000, 0x0000000788800000|  0%| F|  |TAMS 0x0000000788600000, 0x0000000788600000| Untracked 
|1092|0x0000000788800000, 0x0000000788800000, 0x0000000788a00000|  0%| F|  |TAMS 0x0000000788800000, 0x0000000788800000| Untracked 
|1093|0x0000000788a00000, 0x0000000788a00000, 0x0000000788c00000|  0%| F|  |TAMS 0x0000000788a00000, 0x0000000788a00000| Untracked 
|1094|0x0000000788c00000, 0x0000000788c00000, 0x0000000788e00000|  0%| F|  |TAMS 0x0000000788c00000, 0x0000000788c00000| Untracked 
|1095|0x0000000788e00000, 0x0000000788e00000, 0x0000000789000000|  0%| F|  |TAMS 0x0000000788e00000, 0x0000000788e00000| Untracked 
|1096|0x0000000789000000, 0x0000000789000000, 0x0000000789200000|  0%| F|  |TAMS 0x0000000789000000, 0x0000000789000000| Untracked 
|1097|0x0000000789200000, 0x0000000789200000, 0x0000000789400000|  0%| F|  |TAMS 0x0000000789200000, 0x0000000789200000| Untracked 
|1098|0x0000000789400000, 0x0000000789400000, 0x0000000789600000|  0%| F|  |TAMS 0x0000000789400000, 0x0000000789400000| Untracked 
|1099|0x0000000789600000, 0x0000000789600000, 0x0000000789800000|  0%| F|  |TAMS 0x0000000789600000, 0x0000000789600000| Untracked 
|1100|0x0000000789800000, 0x0000000789800000, 0x0000000789a00000|  0%| F|  |TAMS 0x0000000789800000, 0x0000000789800000| Untracked 
|1101|0x0000000789a00000, 0x0000000789a00000, 0x0000000789c00000|  0%| F|  |TAMS 0x0000000789a00000, 0x0000000789a00000| Untracked 
|1102|0x0000000789c00000, 0x0000000789c00000, 0x0000000789e00000|  0%| F|  |TAMS 0x0000000789c00000, 0x0000000789c00000| Untracked 
|1103|0x0000000789e00000, 0x0000000789e00000, 0x000000078a000000|  0%| F|  |TAMS 0x0000000789e00000, 0x0000000789e00000| Untracked 
|1104|0x000000078a000000, 0x000000078a000000, 0x000000078a200000|  0%| F|  |TAMS 0x000000078a000000, 0x000000078a000000| Untracked 
|1105|0x000000078a200000, 0x000000078a200000, 0x000000078a400000|  0%| F|  |TAMS 0x000000078a200000, 0x000000078a200000| Untracked 
|1106|0x000000078a400000, 0x000000078a400000, 0x000000078a600000|  0%| F|  |TAMS 0x000000078a400000, 0x000000078a400000| Untracked 
|1107|0x000000078a600000, 0x000000078a600000, 0x000000078a800000|  0%| F|  |TAMS 0x000000078a600000, 0x000000078a600000| Untracked 
|1108|0x000000078a800000, 0x000000078a800000, 0x000000078aa00000|  0%| F|  |TAMS 0x000000078a800000, 0x000000078a800000| Untracked 
|1109|0x000000078aa00000, 0x000000078aa00000, 0x000000078ac00000|  0%| F|  |TAMS 0x000000078aa00000, 0x000000078aa00000| Untracked 
|1110|0x000000078ac00000, 0x000000078ac00000, 0x000000078ae00000|  0%| F|  |TAMS 0x000000078ac00000, 0x000000078ac00000| Untracked 
|1111|0x000000078ae00000, 0x000000078ae00000, 0x000000078b000000|  0%| F|  |TAMS 0x000000078ae00000, 0x000000078ae00000| Untracked 
|1112|0x000000078b000000, 0x000000078b000000, 0x000000078b200000|  0%| F|  |TAMS 0x000000078b000000, 0x000000078b000000| Untracked 
|1113|0x000000078b200000, 0x000000078b200000, 0x000000078b400000|  0%| F|  |TAMS 0x000000078b200000, 0x000000078b200000| Untracked 
|1114|0x000000078b400000, 0x000000078b400000, 0x000000078b600000|  0%| F|  |TAMS 0x000000078b400000, 0x000000078b400000| Untracked 
|1115|0x000000078b600000, 0x000000078b600000, 0x000000078b800000|  0%| F|  |TAMS 0x000000078b600000, 0x000000078b600000| Untracked 
|1116|0x000000078b800000, 0x000000078b800000, 0x000000078ba00000|  0%| F|  |TAMS 0x000000078b800000, 0x000000078b800000| Untracked 
|1117|0x000000078ba00000, 0x000000078ba00000, 0x000000078bc00000|  0%| F|  |TAMS 0x000000078ba00000, 0x000000078ba00000| Untracked 
|1118|0x000000078bc00000, 0x000000078bc00000, 0x000000078be00000|  0%| F|  |TAMS 0x000000078bc00000, 0x000000078bc00000| Untracked 
|1119|0x000000078be00000, 0x000000078be00000, 0x000000078c000000|  0%| F|  |TAMS 0x000000078be00000, 0x000000078be00000| Untracked 
|1120|0x000000078c000000, 0x000000078c000000, 0x000000078c200000|  0%| F|  |TAMS 0x000000078c000000, 0x000000078c000000| Untracked 
|1121|0x000000078c200000, 0x000000078c200000, 0x000000078c400000|  0%| F|  |TAMS 0x000000078c200000, 0x000000078c200000| Untracked 
|1122|0x000000078c400000, 0x000000078c400000, 0x000000078c600000|  0%| F|  |TAMS 0x000000078c400000, 0x000000078c400000| Untracked 
|1123|0x000000078c600000, 0x000000078c600000, 0x000000078c800000|  0%| F|  |TAMS 0x000000078c600000, 0x000000078c600000| Untracked 
|1124|0x000000078c800000, 0x000000078c800000, 0x000000078ca00000|  0%| F|  |TAMS 0x000000078c800000, 0x000000078c800000| Untracked 
|1125|0x000000078ca00000, 0x000000078ca00000, 0x000000078cc00000|  0%| F|  |TAMS 0x000000078ca00000, 0x000000078ca00000| Untracked 
|1126|0x000000078cc00000, 0x000000078cc00000, 0x000000078ce00000|  0%| F|  |TAMS 0x000000078cc00000, 0x000000078cc00000| Untracked 
|1127|0x000000078ce00000, 0x000000078ce00000, 0x000000078d000000|  0%| F|  |TAMS 0x000000078ce00000, 0x000000078ce00000| Untracked 
|1128|0x000000078d000000, 0x000000078d000000, 0x000000078d200000|  0%| F|  |TAMS 0x000000078d000000, 0x000000078d000000| Untracked 
|1129|0x000000078d200000, 0x000000078d200000, 0x000000078d400000|  0%| F|  |TAMS 0x000000078d200000, 0x000000078d200000| Untracked 
|1130|0x000000078d400000, 0x000000078d400000, 0x000000078d600000|  0%| F|  |TAMS 0x000000078d400000, 0x000000078d400000| Untracked 
|1131|0x000000078d600000, 0x000000078d600000, 0x000000078d800000|  0%| F|  |TAMS 0x000000078d600000, 0x000000078d600000| Untracked 
|1132|0x000000078d800000, 0x000000078d800000, 0x000000078da00000|  0%| F|  |TAMS 0x000000078d800000, 0x000000078d800000| Untracked 
|1133|0x000000078da00000, 0x000000078da00000, 0x000000078dc00000|  0%| F|  |TAMS 0x000000078da00000, 0x000000078da00000| Untracked 
|1134|0x000000078dc00000, 0x000000078dc00000, 0x000000078de00000|  0%| F|  |TAMS 0x000000078dc00000, 0x000000078dc00000| Untracked 
|1135|0x000000078de00000, 0x000000078de00000, 0x000000078e000000|  0%| F|  |TAMS 0x000000078de00000, 0x000000078de00000| Untracked 
|1136|0x000000078e000000, 0x000000078e000000, 0x000000078e200000|  0%| F|  |TAMS 0x000000078e000000, 0x000000078e000000| Untracked 
|1137|0x000000078e200000, 0x000000078e200000, 0x000000078e400000|  0%| F|  |TAMS 0x000000078e200000, 0x000000078e200000| Untracked 
|1138|0x000000078e400000, 0x000000078e400000, 0x000000078e600000|  0%| F|  |TAMS 0x000000078e400000, 0x000000078e400000| Untracked 
|1139|0x000000078e600000, 0x000000078e600000, 0x000000078e800000|  0%| F|  |TAMS 0x000000078e600000, 0x000000078e600000| Untracked 
|1140|0x000000078e800000, 0x000000078e800000, 0x000000078ea00000|  0%| F|  |TAMS 0x000000078e800000, 0x000000078e800000| Untracked 
|1141|0x000000078ea00000, 0x000000078ea00000, 0x000000078ec00000|  0%| F|  |TAMS 0x000000078ea00000, 0x000000078ea00000| Untracked 
|1142|0x000000078ec00000, 0x000000078ec00000, 0x000000078ee00000|  0%| F|  |TAMS 0x000000078ec00000, 0x000000078ec00000| Untracked 
|1143|0x000000078ee00000, 0x000000078ee00000, 0x000000078f000000|  0%| F|  |TAMS 0x000000078ee00000, 0x000000078ee00000| Untracked 
|1144|0x000000078f000000, 0x000000078f000000, 0x000000078f200000|  0%| F|  |TAMS 0x000000078f000000, 0x000000078f000000| Untracked 
|1145|0x000000078f200000, 0x000000078f200000, 0x000000078f400000|  0%| F|  |TAMS 0x000000078f200000, 0x000000078f200000| Untracked 
|1146|0x000000078f400000, 0x000000078f400000, 0x000000078f600000|  0%| F|  |TAMS 0x000000078f400000, 0x000000078f400000| Untracked 
|1147|0x000000078f600000, 0x000000078f600000, 0x000000078f800000|  0%| F|  |TAMS 0x000000078f600000, 0x000000078f600000| Untracked 
|1148|0x000000078f800000, 0x000000078f800000, 0x000000078fa00000|  0%| F|  |TAMS 0x000000078f800000, 0x000000078f800000| Untracked 
|1149|0x000000078fa00000, 0x000000078fa00000, 0x000000078fc00000|  0%| F|  |TAMS 0x000000078fa00000, 0x000000078fa00000| Untracked 
|1150|0x000000078fc00000, 0x000000078fc00000, 0x000000078fe00000|  0%| F|  |TAMS 0x000000078fc00000, 0x000000078fc00000| Untracked 
|1151|0x000000078fe00000, 0x000000078fe00000, 0x0000000790000000|  0%| F|  |TAMS 0x000000078fe00000, 0x000000078fe00000| Untracked 
|1152|0x0000000790000000, 0x0000000790000000, 0x0000000790200000|  0%| F|  |TAMS 0x0000000790000000, 0x0000000790000000| Untracked 
|1153|0x0000000790200000, 0x0000000790200000, 0x0000000790400000|  0%| F|  |TAMS 0x0000000790200000, 0x0000000790200000| Untracked 
|1154|0x0000000790400000, 0x0000000790400000, 0x0000000790600000|  0%| F|  |TAMS 0x0000000790400000, 0x0000000790400000| Untracked 
|1155|0x0000000790600000, 0x0000000790600000, 0x0000000790800000|  0%| F|  |TAMS 0x0000000790600000, 0x0000000790600000| Untracked 
|1156|0x0000000790800000, 0x0000000790800000, 0x0000000790a00000|  0%| F|  |TAMS 0x0000000790800000, 0x0000000790800000| Untracked 
|1157|0x0000000790a00000, 0x0000000790a00000, 0x0000000790c00000|  0%| F|  |TAMS 0x0000000790a00000, 0x0000000790a00000| Untracked 
|1158|0x0000000790c00000, 0x0000000790c00000, 0x0000000790e00000|  0%| F|  |TAMS 0x0000000790c00000, 0x0000000790c00000| Untracked 
|1159|0x0000000790e00000, 0x0000000790e00000, 0x0000000791000000|  0%| F|  |TAMS 0x0000000790e00000, 0x0000000790e00000| Untracked 
|1160|0x0000000791000000, 0x0000000791000000, 0x0000000791200000|  0%| F|  |TAMS 0x0000000791000000, 0x0000000791000000| Untracked 
|1161|0x0000000791200000, 0x0000000791200000, 0x0000000791400000|  0%| F|  |TAMS 0x0000000791200000, 0x0000000791200000| Untracked 
|1162|0x0000000791400000, 0x0000000791400000, 0x0000000791600000|  0%| F|  |TAMS 0x0000000791400000, 0x0000000791400000| Untracked 
|1163|0x0000000791600000, 0x0000000791600000, 0x0000000791800000|  0%| F|  |TAMS 0x0000000791600000, 0x0000000791600000| Untracked 
|1164|0x0000000791800000, 0x0000000791800000, 0x0000000791a00000|  0%| F|  |TAMS 0x0000000791800000, 0x0000000791800000| Untracked 
|1165|0x0000000791a00000, 0x0000000791a00000, 0x0000000791c00000|  0%| F|  |TAMS 0x0000000791a00000, 0x0000000791a00000| Untracked 
|1166|0x0000000791c00000, 0x0000000791c00000, 0x0000000791e00000|  0%| F|  |TAMS 0x0000000791c00000, 0x0000000791c00000| Untracked 
|1167|0x0000000791e00000, 0x0000000791e00000, 0x0000000792000000|  0%| F|  |TAMS 0x0000000791e00000, 0x0000000791e00000| Untracked 
|1168|0x0000000792000000, 0x0000000792000000, 0x0000000792200000|  0%| F|  |TAMS 0x0000000792000000, 0x0000000792000000| Untracked 
|1169|0x0000000792200000, 0x0000000792200000, 0x0000000792400000|  0%| F|  |TAMS 0x0000000792200000, 0x0000000792200000| Untracked 
|1170|0x0000000792400000, 0x0000000792400000, 0x0000000792600000|  0%| F|  |TAMS 0x0000000792400000, 0x0000000792400000| Untracked 
|1171|0x0000000792600000, 0x0000000792600000, 0x0000000792800000|  0%| F|  |TAMS 0x0000000792600000, 0x0000000792600000| Untracked 
|1172|0x0000000792800000, 0x0000000792800000, 0x0000000792a00000|  0%| F|  |TAMS 0x0000000792800000, 0x0000000792800000| Untracked 
|1173|0x0000000792a00000, 0x0000000792a00000, 0x0000000792c00000|  0%| F|  |TAMS 0x0000000792a00000, 0x0000000792a00000| Untracked 
|1174|0x0000000792c00000, 0x0000000792c00000, 0x0000000792e00000|  0%| F|  |TAMS 0x0000000792c00000, 0x0000000792c00000| Untracked 
|1175|0x0000000792e00000, 0x0000000792e00000, 0x0000000793000000|  0%| F|  |TAMS 0x0000000792e00000, 0x0000000792e00000| Untracked 
|1176|0x0000000793000000, 0x0000000793000000, 0x0000000793200000|  0%| F|  |TAMS 0x0000000793000000, 0x0000000793000000| Untracked 
|1177|0x0000000793200000, 0x0000000793200000, 0x0000000793400000|  0%| F|  |TAMS 0x0000000793200000, 0x0000000793200000| Untracked 
|1178|0x0000000793400000, 0x0000000793400000, 0x0000000793600000|  0%| F|  |TAMS 0x0000000793400000, 0x0000000793400000| Untracked 
|1179|0x0000000793600000, 0x0000000793600000, 0x0000000793800000|  0%| F|  |TAMS 0x0000000793600000, 0x0000000793600000| Untracked 
|1180|0x0000000793800000, 0x0000000793800000, 0x0000000793a00000|  0%| F|  |TAMS 0x0000000793800000, 0x0000000793800000| Untracked 
|1181|0x0000000793a00000, 0x0000000793a00000, 0x0000000793c00000|  0%| F|  |TAMS 0x0000000793a00000, 0x0000000793a00000| Untracked 
|1182|0x0000000793c00000, 0x0000000793c00000, 0x0000000793e00000|  0%| F|  |TAMS 0x0000000793c00000, 0x0000000793c00000| Untracked 
|1183|0x0000000793e00000, 0x0000000793e00000, 0x0000000794000000|  0%| F|  |TAMS 0x0000000793e00000, 0x0000000793e00000| Untracked 
|1184|0x0000000794000000, 0x0000000794000000, 0x0000000794200000|  0%| F|  |TAMS 0x0000000794000000, 0x0000000794000000| Untracked 
|1185|0x0000000794200000, 0x0000000794200000, 0x0000000794400000|  0%| F|  |TAMS 0x0000000794200000, 0x0000000794200000| Untracked 
|1186|0x0000000794400000, 0x0000000794400000, 0x0000000794600000|  0%| F|  |TAMS 0x0000000794400000, 0x0000000794400000| Untracked 
|1187|0x0000000794600000, 0x0000000794600000, 0x0000000794800000|  0%| F|  |TAMS 0x0000000794600000, 0x0000000794600000| Untracked 
|1188|0x0000000794800000, 0x0000000794800000, 0x0000000794a00000|  0%| F|  |TAMS 0x0000000794800000, 0x0000000794800000| Untracked 
|1189|0x0000000794a00000, 0x0000000794a00000, 0x0000000794c00000|  0%| F|  |TAMS 0x0000000794a00000, 0x0000000794a00000| Untracked 
|1190|0x0000000794c00000, 0x0000000794c00000, 0x0000000794e00000|  0%| F|  |TAMS 0x0000000794c00000, 0x0000000794c00000| Untracked 
|1191|0x0000000794e00000, 0x0000000794e00000, 0x0000000795000000|  0%| F|  |TAMS 0x0000000794e00000, 0x0000000794e00000| Untracked 
|1192|0x0000000795000000, 0x0000000795000000, 0x0000000795200000|  0%| F|  |TAMS 0x0000000795000000, 0x0000000795000000| Untracked 
|1193|0x0000000795200000, 0x0000000795200000, 0x0000000795400000|  0%| F|  |TAMS 0x0000000795200000, 0x0000000795200000| Untracked 
|1194|0x0000000795400000, 0x0000000795400000, 0x0000000795600000|  0%| F|  |TAMS 0x0000000795400000, 0x0000000795400000| Untracked 
|1195|0x0000000795600000, 0x0000000795600000, 0x0000000795800000|  0%| F|  |TAMS 0x0000000795600000, 0x0000000795600000| Untracked 
|1196|0x0000000795800000, 0x0000000795800000, 0x0000000795a00000|  0%| F|  |TAMS 0x0000000795800000, 0x0000000795800000| Untracked 
|1197|0x0000000795a00000, 0x0000000795a00000, 0x0000000795c00000|  0%| F|  |TAMS 0x0000000795a00000, 0x0000000795a00000| Untracked 
|1198|0x0000000795c00000, 0x0000000795c00000, 0x0000000795e00000|  0%| F|  |TAMS 0x0000000795c00000, 0x0000000795c00000| Untracked 
|1199|0x0000000795e00000, 0x0000000795e00000, 0x0000000796000000|  0%| F|  |TAMS 0x0000000795e00000, 0x0000000795e00000| Untracked 
|1200|0x0000000796000000, 0x0000000796000000, 0x0000000796200000|  0%| F|  |TAMS 0x0000000796000000, 0x0000000796000000| Untracked 
|1201|0x0000000796200000, 0x0000000796200000, 0x0000000796400000|  0%| F|  |TAMS 0x0000000796200000, 0x0000000796200000| Untracked 
|1202|0x0000000796400000, 0x0000000796400000, 0x0000000796600000|  0%| F|  |TAMS 0x0000000796400000, 0x0000000796400000| Untracked 
|1203|0x0000000796600000, 0x0000000796600000, 0x0000000796800000|  0%| F|  |TAMS 0x0000000796600000, 0x0000000796600000| Untracked 
|1204|0x0000000796800000, 0x0000000796800000, 0x0000000796a00000|  0%| F|  |TAMS 0x0000000796800000, 0x0000000796800000| Untracked 
|1205|0x0000000796a00000, 0x0000000796a00000, 0x0000000796c00000|  0%| F|  |TAMS 0x0000000796a00000, 0x0000000796a00000| Untracked 
|1206|0x0000000796c00000, 0x0000000796c00000, 0x0000000796e00000|  0%| F|  |TAMS 0x0000000796c00000, 0x0000000796c00000| Untracked 
|1207|0x0000000796e00000, 0x0000000796e00000, 0x0000000797000000|  0%| F|  |TAMS 0x0000000796e00000, 0x0000000796e00000| Untracked 
|1208|0x0000000797000000, 0x0000000797000000, 0x0000000797200000|  0%| F|  |TAMS 0x0000000797000000, 0x0000000797000000| Untracked 
|1209|0x0000000797200000, 0x0000000797200000, 0x0000000797400000|  0%| F|  |TAMS 0x0000000797200000, 0x0000000797200000| Untracked 
|1210|0x0000000797400000, 0x0000000797400000, 0x0000000797600000|  0%| F|  |TAMS 0x0000000797400000, 0x0000000797400000| Untracked 
|1211|0x0000000797600000, 0x0000000797600000, 0x0000000797800000|  0%| F|  |TAMS 0x0000000797600000, 0x0000000797600000| Untracked 
|1212|0x0000000797800000, 0x0000000797800000, 0x0000000797a00000|  0%| F|  |TAMS 0x0000000797800000, 0x0000000797800000| Untracked 
|1213|0x0000000797a00000, 0x0000000797a00000, 0x0000000797c00000|  0%| F|  |TAMS 0x0000000797a00000, 0x0000000797a00000| Untracked 
|1214|0x0000000797c00000, 0x0000000797c00000, 0x0000000797e00000|  0%| F|  |TAMS 0x0000000797c00000, 0x0000000797c00000| Untracked 
|1215|0x0000000797e00000, 0x0000000797e00000, 0x0000000798000000|  0%| F|  |TAMS 0x0000000797e00000, 0x0000000797e00000| Untracked 
|1216|0x0000000798000000, 0x0000000798000000, 0x0000000798200000|  0%| F|  |TAMS 0x0000000798000000, 0x0000000798000000| Untracked 
|1217|0x0000000798200000, 0x0000000798200000, 0x0000000798400000|  0%| F|  |TAMS 0x0000000798200000, 0x0000000798200000| Untracked 
|1218|0x0000000798400000, 0x0000000798400000, 0x0000000798600000|  0%| F|  |TAMS 0x0000000798400000, 0x0000000798400000| Untracked 
|1219|0x0000000798600000, 0x0000000798600000, 0x0000000798800000|  0%| F|  |TAMS 0x0000000798600000, 0x0000000798600000| Untracked 
|1220|0x0000000798800000, 0x0000000798800000, 0x0000000798a00000|  0%| F|  |TAMS 0x0000000798800000, 0x0000000798800000| Untracked 
|1221|0x0000000798a00000, 0x0000000798a00000, 0x0000000798c00000|  0%| F|  |TAMS 0x0000000798a00000, 0x0000000798a00000| Untracked 
|1222|0x0000000798c00000, 0x0000000798c00000, 0x0000000798e00000|  0%| F|  |TAMS 0x0000000798c00000, 0x0000000798c00000| Untracked 
|1223|0x0000000798e00000, 0x0000000798e00000, 0x0000000799000000|  0%| F|  |TAMS 0x0000000798e00000, 0x0000000798e00000| Untracked 
|1224|0x0000000799000000, 0x0000000799000000, 0x0000000799200000|  0%| F|  |TAMS 0x0000000799000000, 0x0000000799000000| Untracked 
|1225|0x0000000799200000, 0x0000000799200000, 0x0000000799400000|  0%| F|  |TAMS 0x0000000799200000, 0x0000000799200000| Untracked 
|1226|0x0000000799400000, 0x0000000799400000, 0x0000000799600000|  0%| F|  |TAMS 0x0000000799400000, 0x0000000799400000| Untracked 
|1227|0x0000000799600000, 0x0000000799600000, 0x0000000799800000|  0%| F|  |TAMS 0x0000000799600000, 0x0000000799600000| Untracked 
|1228|0x0000000799800000, 0x0000000799800000, 0x0000000799a00000|  0%| F|  |TAMS 0x0000000799800000, 0x0000000799800000| Untracked 
|1229|0x0000000799a00000, 0x0000000799a00000, 0x0000000799c00000|  0%| F|  |TAMS 0x0000000799a00000, 0x0000000799a00000| Untracked 
|1230|0x0000000799c00000, 0x0000000799c00000, 0x0000000799e00000|  0%| F|  |TAMS 0x0000000799c00000, 0x0000000799c00000| Untracked 
|1231|0x0000000799e00000, 0x0000000799e00000, 0x000000079a000000|  0%| F|  |TAMS 0x0000000799e00000, 0x0000000799e00000| Untracked 
|1232|0x000000079a000000, 0x000000079a000000, 0x000000079a200000|  0%| F|  |TAMS 0x000000079a000000, 0x000000079a000000| Untracked 
|1233|0x000000079a200000, 0x000000079a200000, 0x000000079a400000|  0%| F|  |TAMS 0x000000079a200000, 0x000000079a200000| Untracked 
|1234|0x000000079a400000, 0x000000079a400000, 0x000000079a600000|  0%| F|  |TAMS 0x000000079a400000, 0x000000079a400000| Untracked 
|1235|0x000000079a600000, 0x000000079a600000, 0x000000079a800000|  0%| F|  |TAMS 0x000000079a600000, 0x000000079a600000| Untracked 
|1236|0x000000079a800000, 0x000000079a800000, 0x000000079aa00000|  0%| F|  |TAMS 0x000000079a800000, 0x000000079a800000| Untracked 
|1237|0x000000079aa00000, 0x000000079aa00000, 0x000000079ac00000|  0%| F|  |TAMS 0x000000079aa00000, 0x000000079aa00000| Untracked 
|1238|0x000000079ac00000, 0x000000079ac00000, 0x000000079ae00000|  0%| F|  |TAMS 0x000000079ac00000, 0x000000079ac00000| Untracked 
|1239|0x000000079ae00000, 0x000000079ae00000, 0x000000079b000000|  0%| F|  |TAMS 0x000000079ae00000, 0x000000079ae00000| Untracked 
|1240|0x000000079b000000, 0x000000079b000000, 0x000000079b200000|  0%| F|  |TAMS 0x000000079b000000, 0x000000079b000000| Untracked 
|1241|0x000000079b200000, 0x000000079b200000, 0x000000079b400000|  0%| F|  |TAMS 0x000000079b200000, 0x000000079b200000| Untracked 
|1242|0x000000079b400000, 0x000000079b400000, 0x000000079b600000|  0%| F|  |TAMS 0x000000079b400000, 0x000000079b400000| Untracked 
|1243|0x000000079b600000, 0x000000079b600000, 0x000000079b800000|  0%| F|  |TAMS 0x000000079b600000, 0x000000079b600000| Untracked 
|1244|0x000000079b800000, 0x000000079b800000, 0x000000079ba00000|  0%| F|  |TAMS 0x000000079b800000, 0x000000079b800000| Untracked 
|1245|0x000000079ba00000, 0x000000079ba00000, 0x000000079bc00000|  0%| F|  |TAMS 0x000000079ba00000, 0x000000079ba00000| Untracked 
|1246|0x000000079bc00000, 0x000000079bc00000, 0x000000079be00000|  0%| F|  |TAMS 0x000000079bc00000, 0x000000079bc00000| Untracked 
|1247|0x000000079be00000, 0x000000079be00000, 0x000000079c000000|  0%| F|  |TAMS 0x000000079be00000, 0x000000079be00000| Untracked 
|1248|0x000000079c000000, 0x000000079c000000, 0x000000079c200000|  0%| F|  |TAMS 0x000000079c000000, 0x000000079c000000| Untracked 
|1249|0x000000079c200000, 0x000000079c200000, 0x000000079c400000|  0%| F|  |TAMS 0x000000079c200000, 0x000000079c200000| Untracked 
|1250|0x000000079c400000, 0x000000079c400000, 0x000000079c600000|  0%| F|  |TAMS 0x000000079c400000, 0x000000079c400000| Untracked 
|1251|0x000000079c600000, 0x000000079c600000, 0x000000079c800000|  0%| F|  |TAMS 0x000000079c600000, 0x000000079c600000| Untracked 
|1252|0x000000079c800000, 0x000000079c800000, 0x000000079ca00000|  0%| F|  |TAMS 0x000000079c800000, 0x000000079c800000| Untracked 
|1253|0x000000079ca00000, 0x000000079ca00000, 0x000000079cc00000|  0%| F|  |TAMS 0x000000079ca00000, 0x000000079ca00000| Untracked 
|1254|0x000000079cc00000, 0x000000079cc00000, 0x000000079ce00000|  0%| F|  |TAMS 0x000000079cc00000, 0x000000079cc00000| Untracked 
|1255|0x000000079ce00000, 0x000000079ce00000, 0x000000079d000000|  0%| F|  |TAMS 0x000000079ce00000, 0x000000079ce00000| Untracked 
|1256|0x000000079d000000, 0x000000079d000000, 0x000000079d200000|  0%| F|  |TAMS 0x000000079d000000, 0x000000079d000000| Untracked 
|1257|0x000000079d200000, 0x000000079d200000, 0x000000079d400000|  0%| F|  |TAMS 0x000000079d200000, 0x000000079d200000| Untracked 
|1258|0x000000079d400000, 0x000000079d400000, 0x000000079d600000|  0%| F|  |TAMS 0x000000079d400000, 0x000000079d400000| Untracked 
|1259|0x000000079d600000, 0x000000079d600000, 0x000000079d800000|  0%| F|  |TAMS 0x000000079d600000, 0x000000079d600000| Untracked 
|1260|0x000000079d800000, 0x000000079d800000, 0x000000079da00000|  0%| F|  |TAMS 0x000000079d800000, 0x000000079d800000| Untracked 
|1261|0x000000079da00000, 0x000000079da00000, 0x000000079dc00000|  0%| F|  |TAMS 0x000000079da00000, 0x000000079da00000| Untracked 
|1262|0x000000079dc00000, 0x000000079dc00000, 0x000000079de00000|  0%| F|  |TAMS 0x000000079dc00000, 0x000000079dc00000| Untracked 
|1263|0x000000079de00000, 0x000000079de00000, 0x000000079e000000|  0%| F|  |TAMS 0x000000079de00000, 0x000000079de00000| Untracked 
|1264|0x000000079e000000, 0x000000079e000000, 0x000000079e200000|  0%| F|  |TAMS 0x000000079e000000, 0x000000079e000000| Untracked 
|1265|0x000000079e200000, 0x000000079e200000, 0x000000079e400000|  0%| F|  |TAMS 0x000000079e200000, 0x000000079e200000| Untracked 
|1266|0x000000079e400000, 0x000000079e400000, 0x000000079e600000|  0%| F|  |TAMS 0x000000079e400000, 0x000000079e400000| Untracked 
|1267|0x000000079e600000, 0x000000079e600000, 0x000000079e800000|  0%| F|  |TAMS 0x000000079e600000, 0x000000079e600000| Untracked 
|1268|0x000000079e800000, 0x000000079e800000, 0x000000079ea00000|  0%| F|  |TAMS 0x000000079e800000, 0x000000079e800000| Untracked 
|1269|0x000000079ea00000, 0x000000079ea00000, 0x000000079ec00000|  0%| F|  |TAMS 0x000000079ea00000, 0x000000079ea00000| Untracked 
|1270|0x000000079ec00000, 0x000000079ec00000, 0x000000079ee00000|  0%| F|  |TAMS 0x000000079ec00000, 0x000000079ec00000| Untracked 
|1271|0x000000079ee00000, 0x000000079ee00000, 0x000000079f000000|  0%| F|  |TAMS 0x000000079ee00000, 0x000000079ee00000| Untracked 
|1272|0x000000079f000000, 0x000000079f100000, 0x000000079f200000| 50%| E|  |TAMS 0x000000079f000000, 0x000000079f000000| Complete 
|1273|0x000000079f200000, 0x000000079f400000, 0x000000079f400000|100%| E|CS|TAMS 0x000000079f200000, 0x000000079f200000| Complete 
|1274|0x000000079f400000, 0x000000079f600000, 0x000000079f600000|100%| E|CS|TAMS 0x000000079f400000, 0x000000079f400000| Complete 
|1275|0x000000079f600000, 0x000000079f800000, 0x000000079f800000|100%| E|CS|TAMS 0x000000079f600000, 0x000000079f600000| Complete 
|1276|0x000000079f800000, 0x000000079fa00000, 0x000000079fa00000|100%| E|CS|TAMS 0x000000079f800000, 0x000000079f800000| Complete 
|1277|0x000000079fa00000, 0x000000079fc00000, 0x000000079fc00000|100%| E|CS|TAMS 0x000000079fa00000, 0x000000079fa00000| Complete 
|1278|0x000000079fc00000, 0x000000079fe00000, 0x000000079fe00000|100%| E|CS|TAMS 0x000000079fc00000, 0x000000079fc00000| Complete 
|1279|0x000000079fe00000, 0x00000007a0000000, 0x00000007a0000000|100%| E|CS|TAMS 0x000000079fe00000, 0x000000079fe00000| Complete 
|1280|0x00000007a0000000, 0x00000007a0200000, 0x00000007a0200000|100%| E|CS|TAMS 0x00000007a0000000, 0x00000007a0000000| Complete 
|1281|0x00000007a0200000, 0x00000007a0400000, 0x00000007a0400000|100%| E|CS|TAMS 0x00000007a0200000, 0x00000007a0200000| Complete 
|1282|0x00000007a0400000, 0x00000007a0600000, 0x00000007a0600000|100%| E|CS|TAMS 0x00000007a0400000, 0x00000007a0400000| Complete 
|1283|0x00000007a0600000, 0x00000007a0800000, 0x00000007a0800000|100%| E|CS|TAMS 0x00000007a0600000, 0x00000007a0600000| Complete 
|1284|0x00000007a0800000, 0x00000007a0a00000, 0x00000007a0a00000|100%| E|CS|TAMS 0x00000007a0800000, 0x00000007a0800000| Complete 
|1285|0x00000007a0a00000, 0x00000007a0c00000, 0x00000007a0c00000|100%| E|CS|TAMS 0x00000007a0a00000, 0x00000007a0a00000| Complete 
|1286|0x00000007a0c00000, 0x00000007a0e00000, 0x00000007a0e00000|100%| E|CS|TAMS 0x00000007a0c00000, 0x00000007a0c00000| Complete 
|1287|0x00000007a0e00000, 0x00000007a1000000, 0x00000007a1000000|100%| E|CS|TAMS 0x00000007a0e00000, 0x00000007a0e00000| Complete 
|1288|0x00000007a1000000, 0x00000007a1200000, 0x00000007a1200000|100%| E|CS|TAMS 0x00000007a1000000, 0x00000007a1000000| Complete 
|1289|0x00000007a1200000, 0x00000007a1400000, 0x00000007a1400000|100%| E|CS|TAMS 0x00000007a1200000, 0x00000007a1200000| Complete 
|1290|0x00000007a1400000, 0x00000007a1600000, 0x00000007a1600000|100%| E|CS|TAMS 0x00000007a1400000, 0x00000007a1400000| Complete 
|1291|0x00000007a1600000, 0x00000007a1800000, 0x00000007a1800000|100%| E|CS|TAMS 0x00000007a1600000, 0x00000007a1600000| Complete 
|1292|0x00000007a1800000, 0x00000007a1a00000, 0x00000007a1a00000|100%| E|CS|TAMS 0x00000007a1800000, 0x00000007a1800000| Complete 
|1293|0x00000007a1a00000, 0x00000007a1c00000, 0x00000007a1c00000|100%| E|CS|TAMS 0x00000007a1a00000, 0x00000007a1a00000| Complete 
|1294|0x00000007a1c00000, 0x00000007a1e00000, 0x00000007a1e00000|100%| E|CS|TAMS 0x00000007a1c00000, 0x00000007a1c00000| Complete 
|1295|0x00000007a1e00000, 0x00000007a2000000, 0x00000007a2000000|100%| E|CS|TAMS 0x00000007a1e00000, 0x00000007a1e00000| Complete 
|1296|0x00000007a2000000, 0x00000007a2200000, 0x00000007a2200000|100%| E|CS|TAMS 0x00000007a2000000, 0x00000007a2000000| Complete 
|1297|0x00000007a2200000, 0x00000007a2400000, 0x00000007a2400000|100%| E|CS|TAMS 0x00000007a2200000, 0x00000007a2200000| Complete 
|1298|0x00000007a2400000, 0x00000007a2600000, 0x00000007a2600000|100%| E|CS|TAMS 0x00000007a2400000, 0x00000007a2400000| Complete 
|1299|0x00000007a2600000, 0x00000007a2800000, 0x00000007a2800000|100%| E|CS|TAMS 0x00000007a2600000, 0x00000007a2600000| Complete 
|1300|0x00000007a2800000, 0x00000007a2a00000, 0x00000007a2a00000|100%| E|CS|TAMS 0x00000007a2800000, 0x00000007a2800000| Complete 
|1301|0x00000007a2a00000, 0x00000007a2c00000, 0x00000007a2c00000|100%| E|CS|TAMS 0x00000007a2a00000, 0x00000007a2a00000| Complete 
|1302|0x00000007a2c00000, 0x00000007a2e00000, 0x00000007a2e00000|100%| E|CS|TAMS 0x00000007a2c00000, 0x00000007a2c00000| Complete 
|1303|0x00000007a2e00000, 0x00000007a3000000, 0x00000007a3000000|100%| E|CS|TAMS 0x00000007a2e00000, 0x00000007a2e00000| Complete 
|1304|0x00000007a3000000, 0x00000007a3200000, 0x00000007a3200000|100%| E|CS|TAMS 0x00000007a3000000, 0x00000007a3000000| Complete 
|1305|0x00000007a3200000, 0x00000007a3400000, 0x00000007a3400000|100%| E|CS|TAMS 0x00000007a3200000, 0x00000007a3200000| Complete 
|1306|0x00000007a3400000, 0x00000007a3600000, 0x00000007a3600000|100%| E|CS|TAMS 0x00000007a3400000, 0x00000007a3400000| Complete 
|1307|0x00000007a3600000, 0x00000007a3800000, 0x00000007a3800000|100%| E|CS|TAMS 0x00000007a3600000, 0x00000007a3600000| Complete 
|1308|0x00000007a3800000, 0x00000007a3a00000, 0x00000007a3a00000|100%| E|CS|TAMS 0x00000007a3800000, 0x00000007a3800000| Complete 
|1309|0x00000007a3a00000, 0x00000007a3c00000, 0x00000007a3c00000|100%| E|CS|TAMS 0x00000007a3a00000, 0x00000007a3a00000| Complete 
|1310|0x00000007a3c00000, 0x00000007a3e00000, 0x00000007a3e00000|100%| E|CS|TAMS 0x00000007a3c00000, 0x00000007a3c00000| Complete 
|1311|0x00000007a3e00000, 0x00000007a4000000, 0x00000007a4000000|100%| E|CS|TAMS 0x00000007a3e00000, 0x00000007a3e00000| Complete 
|1312|0x00000007a4000000, 0x00000007a4200000, 0x00000007a4200000|100%| E|CS|TAMS 0x00000007a4000000, 0x00000007a4000000| Complete 
|1313|0x00000007a4200000, 0x00000007a4400000, 0x00000007a4400000|100%| E|CS|TAMS 0x00000007a4200000, 0x00000007a4200000| Complete 
|1314|0x00000007a4400000, 0x00000007a4600000, 0x00000007a4600000|100%| E|CS|TAMS 0x00000007a4400000, 0x00000007a4400000| Complete 
|1315|0x00000007a4600000, 0x00000007a4800000, 0x00000007a4800000|100%| E|CS|TAMS 0x00000007a4600000, 0x00000007a4600000| Complete 
|1316|0x00000007a4800000, 0x00000007a4a00000, 0x00000007a4a00000|100%| E|CS|TAMS 0x00000007a4800000, 0x00000007a4800000| Complete 
|1317|0x00000007a4a00000, 0x00000007a4c00000, 0x00000007a4c00000|100%| E|CS|TAMS 0x00000007a4a00000, 0x00000007a4a00000| Complete 
|1318|0x00000007a4c00000, 0x00000007a4e00000, 0x00000007a4e00000|100%| E|CS|TAMS 0x00000007a4c00000, 0x00000007a4c00000| Complete 
|1319|0x00000007a4e00000, 0x00000007a5000000, 0x00000007a5000000|100%| E|CS|TAMS 0x00000007a4e00000, 0x00000007a4e00000| Complete 
|1320|0x00000007a5000000, 0x00000007a5200000, 0x00000007a5200000|100%| E|CS|TAMS 0x00000007a5000000, 0x00000007a5000000| Complete 
|1321|0x00000007a5200000, 0x00000007a5400000, 0x00000007a5400000|100%| E|CS|TAMS 0x00000007a5200000, 0x00000007a5200000| Complete 
|1322|0x00000007a5400000, 0x00000007a5600000, 0x00000007a5600000|100%| E|CS|TAMS 0x00000007a5400000, 0x00000007a5400000| Complete 
|1323|0x00000007a5600000, 0x00000007a5800000, 0x00000007a5800000|100%| E|CS|TAMS 0x00000007a5600000, 0x00000007a5600000| Complete 
|1324|0x00000007a5800000, 0x00000007a5a00000, 0x00000007a5a00000|100%| E|CS|TAMS 0x00000007a5800000, 0x00000007a5800000| Complete 
|1325|0x00000007a5a00000, 0x00000007a5c00000, 0x00000007a5c00000|100%| E|CS|TAMS 0x00000007a5a00000, 0x00000007a5a00000| Complete 
|1326|0x00000007a5c00000, 0x00000007a5e00000, 0x00000007a5e00000|100%| E|CS|TAMS 0x00000007a5c00000, 0x00000007a5c00000| Complete 
|1327|0x00000007a5e00000, 0x00000007a6000000, 0x00000007a6000000|100%| E|CS|TAMS 0x00000007a5e00000, 0x00000007a5e00000| Complete 
|1328|0x00000007a6000000, 0x00000007a6200000, 0x00000007a6200000|100%| E|CS|TAMS 0x00000007a6000000, 0x00000007a6000000| Complete 
|1329|0x00000007a6200000, 0x00000007a6400000, 0x00000007a6400000|100%| E|CS|TAMS 0x00000007a6200000, 0x00000007a6200000| Complete 
|1330|0x00000007a6400000, 0x00000007a6600000, 0x00000007a6600000|100%| E|CS|TAMS 0x00000007a6400000, 0x00000007a6400000| Complete 
|1331|0x00000007a6600000, 0x00000007a6800000, 0x00000007a6800000|100%| E|CS|TAMS 0x00000007a6600000, 0x00000007a6600000| Complete 
|1332|0x00000007a6800000, 0x00000007a6a00000, 0x00000007a6a00000|100%| E|CS|TAMS 0x00000007a6800000, 0x00000007a6800000| Complete 
|1333|0x00000007a6a00000, 0x00000007a6c00000, 0x00000007a6c00000|100%| E|CS|TAMS 0x00000007a6a00000, 0x00000007a6a00000| Complete 
|1334|0x00000007a6c00000, 0x00000007a6e00000, 0x00000007a6e00000|100%| E|CS|TAMS 0x00000007a6c00000, 0x00000007a6c00000| Complete 
|1335|0x00000007a6e00000, 0x00000007a7000000, 0x00000007a7000000|100%| E|CS|TAMS 0x00000007a6e00000, 0x00000007a6e00000| Complete 
|1336|0x00000007a7000000, 0x00000007a7200000, 0x00000007a7200000|100%| E|CS|TAMS 0x00000007a7000000, 0x00000007a7000000| Complete 
|1337|0x00000007a7200000, 0x00000007a7400000, 0x00000007a7400000|100%| E|CS|TAMS 0x00000007a7200000, 0x00000007a7200000| Complete 
|1338|0x00000007a7400000, 0x00000007a7600000, 0x00000007a7600000|100%| E|CS|TAMS 0x00000007a7400000, 0x00000007a7400000| Complete 
|1339|0x00000007a7600000, 0x00000007a7800000, 0x00000007a7800000|100%| E|CS|TAMS 0x00000007a7600000, 0x00000007a7600000| Complete 
|1340|0x00000007a7800000, 0x00000007a7a00000, 0x00000007a7a00000|100%| E|CS|TAMS 0x00000007a7800000, 0x00000007a7800000| Complete 
|1341|0x00000007a7a00000, 0x00000007a7c00000, 0x00000007a7c00000|100%| E|CS|TAMS 0x00000007a7a00000, 0x00000007a7a00000| Complete 
|1342|0x00000007a7c00000, 0x00000007a7e00000, 0x00000007a7e00000|100%| E|CS|TAMS 0x00000007a7c00000, 0x00000007a7c00000| Complete 
|1343|0x00000007a7e00000, 0x00000007a8000000, 0x00000007a8000000|100%| E|CS|TAMS 0x00000007a7e00000, 0x00000007a7e00000| Complete 
|1344|0x00000007a8000000, 0x00000007a8200000, 0x00000007a8200000|100%| E|CS|TAMS 0x00000007a8000000, 0x00000007a8000000| Complete 
|1345|0x00000007a8200000, 0x00000007a8400000, 0x00000007a8400000|100%| E|CS|TAMS 0x00000007a8200000, 0x00000007a8200000| Complete 
|1346|0x00000007a8400000, 0x00000007a8600000, 0x00000007a8600000|100%| E|CS|TAMS 0x00000007a8400000, 0x00000007a8400000| Complete 
|1347|0x00000007a8600000, 0x00000007a8800000, 0x00000007a8800000|100%| E|CS|TAMS 0x00000007a8600000, 0x00000007a8600000| Complete 
|1348|0x00000007a8800000, 0x00000007a8a00000, 0x00000007a8a00000|100%| E|CS|TAMS 0x00000007a8800000, 0x00000007a8800000| Complete 
|1349|0x00000007a8a00000, 0x00000007a8c00000, 0x00000007a8c00000|100%| E|CS|TAMS 0x00000007a8a00000, 0x00000007a8a00000| Complete 
|1350|0x00000007a8c00000, 0x00000007a8e00000, 0x00000007a8e00000|100%| E|CS|TAMS 0x00000007a8c00000, 0x00000007a8c00000| Complete 
|1351|0x00000007a8e00000, 0x00000007a9000000, 0x00000007a9000000|100%| E|CS|TAMS 0x00000007a8e00000, 0x00000007a8e00000| Complete 
|1352|0x00000007a9000000, 0x00000007a9200000, 0x00000007a9200000|100%| E|CS|TAMS 0x00000007a9000000, 0x00000007a9000000| Complete 
|1353|0x00000007a9200000, 0x00000007a9400000, 0x00000007a9400000|100%| E|CS|TAMS 0x00000007a9200000, 0x00000007a9200000| Complete 
|1354|0x00000007a9400000, 0x00000007a9600000, 0x00000007a9600000|100%| E|CS|TAMS 0x00000007a9400000, 0x00000007a9400000| Complete 
|1355|0x00000007a9600000, 0x00000007a9800000, 0x00000007a9800000|100%| E|CS|TAMS 0x00000007a9600000, 0x00000007a9600000| Complete 
|1356|0x00000007a9800000, 0x00000007a9a00000, 0x00000007a9a00000|100%| E|CS|TAMS 0x00000007a9800000, 0x00000007a9800000| Complete 
|1357|0x00000007a9a00000, 0x00000007a9c00000, 0x00000007a9c00000|100%| E|CS|TAMS 0x00000007a9a00000, 0x00000007a9a00000| Complete 
|1358|0x00000007a9c00000, 0x00000007a9e00000, 0x00000007a9e00000|100%| E|CS|TAMS 0x00000007a9c00000, 0x00000007a9c00000| Complete 
|1359|0x00000007a9e00000, 0x00000007aa000000, 0x00000007aa000000|100%| E|CS|TAMS 0x00000007a9e00000, 0x00000007a9e00000| Complete 
|1360|0x00000007aa000000, 0x00000007aa200000, 0x00000007aa200000|100%| E|CS|TAMS 0x00000007aa000000, 0x00000007aa000000| Complete 
|1361|0x00000007aa200000, 0x00000007aa400000, 0x00000007aa400000|100%| E|CS|TAMS 0x00000007aa200000, 0x00000007aa200000| Complete 
|1362|0x00000007aa400000, 0x00000007aa600000, 0x00000007aa600000|100%| E|CS|TAMS 0x00000007aa400000, 0x00000007aa400000| Complete 
|1363|0x00000007aa600000, 0x00000007aa800000, 0x00000007aa800000|100%| E|CS|TAMS 0x00000007aa600000, 0x00000007aa600000| Complete 
|1364|0x00000007aa800000, 0x00000007aaa00000, 0x00000007aaa00000|100%| E|CS|TAMS 0x00000007aa800000, 0x00000007aa800000| Complete 
|1365|0x00000007aaa00000, 0x00000007aac00000, 0x00000007aac00000|100%| E|CS|TAMS 0x00000007aaa00000, 0x00000007aaa00000| Complete 
|1366|0x00000007aac00000, 0x00000007aae00000, 0x00000007aae00000|100%| E|CS|TAMS 0x00000007aac00000, 0x00000007aac00000| Complete 
|1367|0x00000007aae00000, 0x00000007ab000000, 0x00000007ab000000|100%| E|CS|TAMS 0x00000007aae00000, 0x00000007aae00000| Complete 
|1368|0x00000007ab000000, 0x00000007ab200000, 0x00000007ab200000|100%| E|CS|TAMS 0x00000007ab000000, 0x00000007ab000000| Complete 
|1369|0x00000007ab200000, 0x00000007ab400000, 0x00000007ab400000|100%| E|CS|TAMS 0x00000007ab200000, 0x00000007ab200000| Complete 
|1370|0x00000007ab400000, 0x00000007ab600000, 0x00000007ab600000|100%| E|CS|TAMS 0x00000007ab400000, 0x00000007ab400000| Complete 
|1371|0x00000007ab600000, 0x00000007ab800000, 0x00000007ab800000|100%| E|CS|TAMS 0x00000007ab600000, 0x00000007ab600000| Complete 
|1372|0x00000007ab800000, 0x00000007aba00000, 0x00000007aba00000|100%| E|CS|TAMS 0x00000007ab800000, 0x00000007ab800000| Complete 
|1373|0x00000007aba00000, 0x00000007abc00000, 0x00000007abc00000|100%| E|CS|TAMS 0x00000007aba00000, 0x00000007aba00000| Complete 
|1374|0x00000007abc00000, 0x00000007abe00000, 0x00000007abe00000|100%| E|CS|TAMS 0x00000007abc00000, 0x00000007abc00000| Complete 
|1375|0x00000007abe00000, 0x00000007ac000000, 0x00000007ac000000|100%| E|CS|TAMS 0x00000007abe00000, 0x00000007abe00000| Complete 
|1376|0x00000007ac000000, 0x00000007ac200000, 0x00000007ac200000|100%| E|CS|TAMS 0x00000007ac000000, 0x00000007ac000000| Complete 
|1377|0x00000007ac200000, 0x00000007ac400000, 0x00000007ac400000|100%| E|CS|TAMS 0x00000007ac200000, 0x00000007ac200000| Complete 
|1378|0x00000007ac400000, 0x00000007ac600000, 0x00000007ac600000|100%| E|CS|TAMS 0x00000007ac400000, 0x00000007ac400000| Complete 
|1379|0x00000007ac600000, 0x00000007ac800000, 0x00000007ac800000|100%| E|CS|TAMS 0x00000007ac600000, 0x00000007ac600000| Complete 
|1380|0x00000007ac800000, 0x00000007aca00000, 0x00000007aca00000|100%| E|CS|TAMS 0x00000007ac800000, 0x00000007ac800000| Complete 
|1381|0x00000007aca00000, 0x00000007acc00000, 0x00000007acc00000|100%| E|CS|TAMS 0x00000007aca00000, 0x00000007aca00000| Complete 
|1382|0x00000007acc00000, 0x00000007ace00000, 0x00000007ace00000|100%| E|CS|TAMS 0x00000007acc00000, 0x00000007acc00000| Complete 
|1383|0x00000007ace00000, 0x00000007ad000000, 0x00000007ad000000|100%| E|CS|TAMS 0x00000007ace00000, 0x00000007ace00000| Complete 
|1384|0x00000007ad000000, 0x00000007ad200000, 0x00000007ad200000|100%| E|CS|TAMS 0x00000007ad000000, 0x00000007ad000000| Complete 
|1385|0x00000007ad200000, 0x00000007ad400000, 0x00000007ad400000|100%| E|CS|TAMS 0x00000007ad200000, 0x00000007ad200000| Complete 
|1386|0x00000007ad400000, 0x00000007ad600000, 0x00000007ad600000|100%| E|CS|TAMS 0x00000007ad400000, 0x00000007ad400000| Complete 
|1387|0x00000007ad600000, 0x00000007ad800000, 0x00000007ad800000|100%| E|CS|TAMS 0x00000007ad600000, 0x00000007ad600000| Complete 
|1388|0x00000007ad800000, 0x00000007ada00000, 0x00000007ada00000|100%| E|CS|TAMS 0x00000007ad800000, 0x00000007ad800000| Complete 
|1389|0x00000007ada00000, 0x00000007adc00000, 0x00000007adc00000|100%| E|CS|TAMS 0x00000007ada00000, 0x00000007ada00000| Complete 
|1390|0x00000007adc00000, 0x00000007ade00000, 0x00000007ade00000|100%| E|CS|TAMS 0x00000007adc00000, 0x00000007adc00000| Complete 
|1391|0x00000007ade00000, 0x00000007ae000000, 0x00000007ae000000|100%| E|CS|TAMS 0x00000007ade00000, 0x00000007ade00000| Complete 
|1392|0x00000007ae000000, 0x00000007ae200000, 0x00000007ae200000|100%| E|CS|TAMS 0x00000007ae000000, 0x00000007ae000000| Complete 
|1393|0x00000007ae200000, 0x00000007ae400000, 0x00000007ae400000|100%| E|CS|TAMS 0x00000007ae200000, 0x00000007ae200000| Complete 
|1394|0x00000007ae400000, 0x00000007ae600000, 0x00000007ae600000|100%| E|CS|TAMS 0x00000007ae400000, 0x00000007ae400000| Complete 
|1395|0x00000007ae600000, 0x00000007ae800000, 0x00000007ae800000|100%| E|CS|TAMS 0x00000007ae600000, 0x00000007ae600000| Complete 
|1396|0x00000007ae800000, 0x00000007aea00000, 0x00000007aea00000|100%| E|CS|TAMS 0x00000007ae800000, 0x00000007ae800000| Complete 
|1397|0x00000007aea00000, 0x00000007aec00000, 0x00000007aec00000|100%| E|CS|TAMS 0x00000007aea00000, 0x00000007aea00000| Complete 
|1398|0x00000007aec00000, 0x00000007aee00000, 0x00000007aee00000|100%| E|CS|TAMS 0x00000007aec00000, 0x00000007aec00000| Complete 
|1399|0x00000007aee00000, 0x00000007af000000, 0x00000007af000000|100%| E|CS|TAMS 0x00000007aee00000, 0x00000007aee00000| Complete 
|1400|0x00000007af000000, 0x00000007af200000, 0x00000007af200000|100%| E|CS|TAMS 0x00000007af000000, 0x00000007af000000| Complete 
|1401|0x00000007af200000, 0x00000007af400000, 0x00000007af400000|100%| E|CS|TAMS 0x00000007af200000, 0x00000007af200000| Complete 
|1402|0x00000007af400000, 0x00000007af600000, 0x00000007af600000|100%| E|CS|TAMS 0x00000007af400000, 0x00000007af400000| Complete 
|1403|0x00000007af600000, 0x00000007af800000, 0x00000007af800000|100%| E|CS|TAMS 0x00000007af600000, 0x00000007af600000| Complete 
|1404|0x00000007af800000, 0x00000007afa00000, 0x00000007afa00000|100%| E|CS|TAMS 0x00000007af800000, 0x00000007af800000| Complete 
|1405|0x00000007afa00000, 0x00000007afc00000, 0x00000007afc00000|100%| E|CS|TAMS 0x00000007afa00000, 0x00000007afa00000| Complete 
|1406|0x00000007afc00000, 0x00000007afe00000, 0x00000007afe00000|100%| E|CS|TAMS 0x00000007afc00000, 0x00000007afc00000| Complete 
|1407|0x00000007afe00000, 0x00000007b0000000, 0x00000007b0000000|100%| E|CS|TAMS 0x00000007afe00000, 0x00000007afe00000| Complete 
|1408|0x00000007b0000000, 0x00000007b0200000, 0x00000007b0200000|100%| E|CS|TAMS 0x00000007b0000000, 0x00000007b0000000| Complete 
|1409|0x00000007b0200000, 0x00000007b0400000, 0x00000007b0400000|100%| E|CS|TAMS 0x00000007b0200000, 0x00000007b0200000| Complete 
|1410|0x00000007b0400000, 0x00000007b0600000, 0x00000007b0600000|100%| E|CS|TAMS 0x00000007b0400000, 0x00000007b0400000| Complete 
|1411|0x00000007b0600000, 0x00000007b0800000, 0x00000007b0800000|100%| E|CS|TAMS 0x00000007b0600000, 0x00000007b0600000| Complete 
|1412|0x00000007b0800000, 0x00000007b0a00000, 0x00000007b0a00000|100%| E|CS|TAMS 0x00000007b0800000, 0x00000007b0800000| Complete 
|1413|0x00000007b0a00000, 0x00000007b0c00000, 0x00000007b0c00000|100%| E|CS|TAMS 0x00000007b0a00000, 0x00000007b0a00000| Complete 
|1414|0x00000007b0c00000, 0x00000007b0e00000, 0x00000007b0e00000|100%| E|CS|TAMS 0x00000007b0c00000, 0x00000007b0c00000| Complete 
|1415|0x00000007b0e00000, 0x00000007b1000000, 0x00000007b1000000|100%| E|CS|TAMS 0x00000007b0e00000, 0x00000007b0e00000| Complete 
|1416|0x00000007b1000000, 0x00000007b1200000, 0x00000007b1200000|100%| E|CS|TAMS 0x00000007b1000000, 0x00000007b1000000| Complete 
|1417|0x00000007b1200000, 0x00000007b1400000, 0x00000007b1400000|100%| E|CS|TAMS 0x00000007b1200000, 0x00000007b1200000| Complete 
|1418|0x00000007b1400000, 0x00000007b1600000, 0x00000007b1600000|100%| E|CS|TAMS 0x00000007b1400000, 0x00000007b1400000| Complete 
|1419|0x00000007b1600000, 0x00000007b1800000, 0x00000007b1800000|100%| E|CS|TAMS 0x00000007b1600000, 0x00000007b1600000| Complete 
|1420|0x00000007b1800000, 0x00000007b1a00000, 0x00000007b1a00000|100%| E|CS|TAMS 0x00000007b1800000, 0x00000007b1800000| Complete 
|1421|0x00000007b1a00000, 0x00000007b1c00000, 0x00000007b1c00000|100%| E|CS|TAMS 0x00000007b1a00000, 0x00000007b1a00000| Complete 
|1422|0x00000007b1c00000, 0x00000007b1e00000, 0x00000007b1e00000|100%| E|CS|TAMS 0x00000007b1c00000, 0x00000007b1c00000| Complete 
|1423|0x00000007b1e00000, 0x00000007b2000000, 0x00000007b2000000|100%| E|CS|TAMS 0x00000007b1e00000, 0x00000007b1e00000| Complete 
|1424|0x00000007b2000000, 0x00000007b2200000, 0x00000007b2200000|100%| E|CS|TAMS 0x00000007b2000000, 0x00000007b2000000| Complete 
|1425|0x00000007b2200000, 0x00000007b2400000, 0x00000007b2400000|100%| E|CS|TAMS 0x00000007b2200000, 0x00000007b2200000| Complete 
|1426|0x00000007b2400000, 0x00000007b2600000, 0x00000007b2600000|100%| E|CS|TAMS 0x00000007b2400000, 0x00000007b2400000| Complete 
|1427|0x00000007b2600000, 0x00000007b2800000, 0x00000007b2800000|100%| E|CS|TAMS 0x00000007b2600000, 0x00000007b2600000| Complete 
|1428|0x00000007b2800000, 0x00000007b2a00000, 0x00000007b2a00000|100%| E|CS|TAMS 0x00000007b2800000, 0x00000007b2800000| Complete 
|1429|0x00000007b2a00000, 0x00000007b2c00000, 0x00000007b2c00000|100%| E|CS|TAMS 0x00000007b2a00000, 0x00000007b2a00000| Complete 
|1430|0x00000007b2c00000, 0x00000007b2e00000, 0x00000007b2e00000|100%| E|CS|TAMS 0x00000007b2c00000, 0x00000007b2c00000| Complete 
|1431|0x00000007b2e00000, 0x00000007b3000000, 0x00000007b3000000|100%| E|CS|TAMS 0x00000007b2e00000, 0x00000007b2e00000| Complete 
|1432|0x00000007b3000000, 0x00000007b3200000, 0x00000007b3200000|100%| E|CS|TAMS 0x00000007b3000000, 0x00000007b3000000| Complete 
|1433|0x00000007b3200000, 0x00000007b3400000, 0x00000007b3400000|100%| E|CS|TAMS 0x00000007b3200000, 0x00000007b3200000| Complete 
|1434|0x00000007b3400000, 0x00000007b3600000, 0x00000007b3600000|100%| E|CS|TAMS 0x00000007b3400000, 0x00000007b3400000| Complete 
|1435|0x00000007b3600000, 0x00000007b3800000, 0x00000007b3800000|100%| E|CS|TAMS 0x00000007b3600000, 0x00000007b3600000| Complete 
|1436|0x00000007b3800000, 0x00000007b3a00000, 0x00000007b3a00000|100%| E|CS|TAMS 0x00000007b3800000, 0x00000007b3800000| Complete 
|1437|0x00000007b3a00000, 0x00000007b3c00000, 0x00000007b3c00000|100%| E|CS|TAMS 0x00000007b3a00000, 0x00000007b3a00000| Complete 
|1438|0x00000007b3c00000, 0x00000007b3e00000, 0x00000007b3e00000|100%| E|CS|TAMS 0x00000007b3c00000, 0x00000007b3c00000| Complete 
|1439|0x00000007b3e00000, 0x00000007b4000000, 0x00000007b4000000|100%| E|CS|TAMS 0x00000007b3e00000, 0x00000007b3e00000| Complete 
|1440|0x00000007b4000000, 0x00000007b4200000, 0x00000007b4200000|100%| E|CS|TAMS 0x00000007b4000000, 0x00000007b4000000| Complete 
|1441|0x00000007b4200000, 0x00000007b4400000, 0x00000007b4400000|100%| E|CS|TAMS 0x00000007b4200000, 0x00000007b4200000| Complete 
|1442|0x00000007b4400000, 0x00000007b4600000, 0x00000007b4600000|100%| E|CS|TAMS 0x00000007b4400000, 0x00000007b4400000| Complete 
|1443|0x00000007b4600000, 0x00000007b4800000, 0x00000007b4800000|100%| E|CS|TAMS 0x00000007b4600000, 0x00000007b4600000| Complete 
|1444|0x00000007b4800000, 0x00000007b4a00000, 0x00000007b4a00000|100%| E|CS|TAMS 0x00000007b4800000, 0x00000007b4800000| Complete 
|1445|0x00000007b4a00000, 0x00000007b4c00000, 0x00000007b4c00000|100%| E|CS|TAMS 0x00000007b4a00000, 0x00000007b4a00000| Complete 
|1446|0x00000007b4c00000, 0x00000007b4e00000, 0x00000007b4e00000|100%| E|CS|TAMS 0x00000007b4c00000, 0x00000007b4c00000| Complete 
|1447|0x00000007b4e00000, 0x00000007b5000000, 0x00000007b5000000|100%| E|CS|TAMS 0x00000007b4e00000, 0x00000007b4e00000| Complete 
|1448|0x00000007b5000000, 0x00000007b5200000, 0x00000007b5200000|100%| E|CS|TAMS 0x00000007b5000000, 0x00000007b5000000| Complete 
|1449|0x00000007b5200000, 0x00000007b5400000, 0x00000007b5400000|100%| E|CS|TAMS 0x00000007b5200000, 0x00000007b5200000| Complete 
|1450|0x00000007b5400000, 0x00000007b5600000, 0x00000007b5600000|100%| E|CS|TAMS 0x00000007b5400000, 0x00000007b5400000| Complete 
|1451|0x00000007b5600000, 0x00000007b5800000, 0x00000007b5800000|100%| E|CS|TAMS 0x00000007b5600000, 0x00000007b5600000| Complete 
|1452|0x00000007b5800000, 0x00000007b5a00000, 0x00000007b5a00000|100%| E|CS|TAMS 0x00000007b5800000, 0x00000007b5800000| Complete 
|1453|0x00000007b5a00000, 0x00000007b5c00000, 0x00000007b5c00000|100%| E|CS|TAMS 0x00000007b5a00000, 0x00000007b5a00000| Complete 
|1454|0x00000007b5c00000, 0x00000007b5e00000, 0x00000007b5e00000|100%| E|CS|TAMS 0x00000007b5c00000, 0x00000007b5c00000| Complete 
|1455|0x00000007b5e00000, 0x00000007b6000000, 0x00000007b6000000|100%| E|CS|TAMS 0x00000007b5e00000, 0x00000007b5e00000| Complete 
|1456|0x00000007b6000000, 0x00000007b6200000, 0x00000007b6200000|100%| E|CS|TAMS 0x00000007b6000000, 0x00000007b6000000| Complete 
|1457|0x00000007b6200000, 0x00000007b6400000, 0x00000007b6400000|100%| E|CS|TAMS 0x00000007b6200000, 0x00000007b6200000| Complete 
|1458|0x00000007b6400000, 0x00000007b6600000, 0x00000007b6600000|100%| E|CS|TAMS 0x00000007b6400000, 0x00000007b6400000| Complete 
|1459|0x00000007b6600000, 0x00000007b6800000, 0x00000007b6800000|100%| E|CS|TAMS 0x00000007b6600000, 0x00000007b6600000| Complete 
|1460|0x00000007b6800000, 0x00000007b6a00000, 0x00000007b6a00000|100%| E|CS|TAMS 0x00000007b6800000, 0x00000007b6800000| Complete 
|1461|0x00000007b6a00000, 0x00000007b6c00000, 0x00000007b6c00000|100%| E|CS|TAMS 0x00000007b6a00000, 0x00000007b6a00000| Complete 
|1462|0x00000007b6c00000, 0x00000007b6e00000, 0x00000007b6e00000|100%| E|CS|TAMS 0x00000007b6c00000, 0x00000007b6c00000| Complete 
|1463|0x00000007b6e00000, 0x00000007b7000000, 0x00000007b7000000|100%| E|CS|TAMS 0x00000007b6e00000, 0x00000007b6e00000| Complete 
|1464|0x00000007b7000000, 0x00000007b7200000, 0x00000007b7200000|100%| E|CS|TAMS 0x00000007b7000000, 0x00000007b7000000| Complete 
|1465|0x00000007b7200000, 0x00000007b7400000, 0x00000007b7400000|100%| E|CS|TAMS 0x00000007b7200000, 0x00000007b7200000| Complete 
|1466|0x00000007b7400000, 0x00000007b7600000, 0x00000007b7600000|100%| E|CS|TAMS 0x00000007b7400000, 0x00000007b7400000| Complete 
|1467|0x00000007b7600000, 0x00000007b7800000, 0x00000007b7800000|100%| E|CS|TAMS 0x00000007b7600000, 0x00000007b7600000| Complete 
|1468|0x00000007b7800000, 0x00000007b7a00000, 0x00000007b7a00000|100%| E|CS|TAMS 0x00000007b7800000, 0x00000007b7800000| Complete 
|1469|0x00000007b7a00000, 0x00000007b7c00000, 0x00000007b7c00000|100%| E|CS|TAMS 0x00000007b7a00000, 0x00000007b7a00000| Complete 
|1470|0x00000007b7c00000, 0x00000007b7e00000, 0x00000007b7e00000|100%| E|CS|TAMS 0x00000007b7c00000, 0x00000007b7c00000| Complete 
|1471|0x00000007b7e00000, 0x00000007b8000000, 0x00000007b8000000|100%| E|CS|TAMS 0x00000007b7e00000, 0x00000007b7e00000| Complete 
|1472|0x00000007b8000000, 0x00000007b8200000, 0x00000007b8200000|100%| E|CS|TAMS 0x00000007b8000000, 0x00000007b8000000| Complete 
|1473|0x00000007b8200000, 0x00000007b8400000, 0x00000007b8400000|100%| E|CS|TAMS 0x00000007b8200000, 0x00000007b8200000| Complete 
|1474|0x00000007b8400000, 0x00000007b8600000, 0x00000007b8600000|100%| E|CS|TAMS 0x00000007b8400000, 0x00000007b8400000| Complete 
|1475|0x00000007b8600000, 0x00000007b8800000, 0x00000007b8800000|100%| E|CS|TAMS 0x00000007b8600000, 0x00000007b8600000| Complete 
|1476|0x00000007b8800000, 0x00000007b8a00000, 0x00000007b8a00000|100%| E|CS|TAMS 0x00000007b8800000, 0x00000007b8800000| Complete 
|1477|0x00000007b8a00000, 0x00000007b8c00000, 0x00000007b8c00000|100%| E|CS|TAMS 0x00000007b8a00000, 0x00000007b8a00000| Complete 
|1478|0x00000007b8c00000, 0x00000007b8e00000, 0x00000007b8e00000|100%| E|CS|TAMS 0x00000007b8c00000, 0x00000007b8c00000| Complete 
|1479|0x00000007b8e00000, 0x00000007b9000000, 0x00000007b9000000|100%| E|CS|TAMS 0x00000007b8e00000, 0x00000007b8e00000| Complete 
|1480|0x00000007b9000000, 0x00000007b9200000, 0x00000007b9200000|100%| E|CS|TAMS 0x00000007b9000000, 0x00000007b9000000| Complete 
|1481|0x00000007b9200000, 0x00000007b9400000, 0x00000007b9400000|100%| E|CS|TAMS 0x00000007b9200000, 0x00000007b9200000| Complete 
|1482|0x00000007b9400000, 0x00000007b9600000, 0x00000007b9600000|100%| E|CS|TAMS 0x00000007b9400000, 0x00000007b9400000| Complete 
|1483|0x00000007b9600000, 0x00000007b9800000, 0x00000007b9800000|100%| E|CS|TAMS 0x00000007b9600000, 0x00000007b9600000| Complete 
|1484|0x00000007b9800000, 0x00000007b9a00000, 0x00000007b9a00000|100%| E|CS|TAMS 0x00000007b9800000, 0x00000007b9800000| Complete 
|1485|0x00000007b9a00000, 0x00000007b9c00000, 0x00000007b9c00000|100%| E|CS|TAMS 0x00000007b9a00000, 0x00000007b9a00000| Complete 
|1486|0x00000007b9c00000, 0x00000007b9e00000, 0x00000007b9e00000|100%| E|CS|TAMS 0x00000007b9c00000, 0x00000007b9c00000| Complete 
|1487|0x00000007b9e00000, 0x00000007ba000000, 0x00000007ba000000|100%| E|CS|TAMS 0x00000007b9e00000, 0x00000007b9e00000| Complete 
|1488|0x00000007ba000000, 0x00000007ba200000, 0x00000007ba200000|100%| E|CS|TAMS 0x00000007ba000000, 0x00000007ba000000| Complete 
|1489|0x00000007ba200000, 0x00000007ba400000, 0x00000007ba400000|100%| E|CS|TAMS 0x00000007ba200000, 0x00000007ba200000| Complete 
|1490|0x00000007ba400000, 0x00000007ba600000, 0x00000007ba600000|100%| E|CS|TAMS 0x00000007ba400000, 0x00000007ba400000| Complete 
|1491|0x00000007ba600000, 0x00000007ba800000, 0x00000007ba800000|100%| E|CS|TAMS 0x00000007ba600000, 0x00000007ba600000| Complete 
|1492|0x00000007ba800000, 0x00000007baa00000, 0x00000007baa00000|100%| E|CS|TAMS 0x00000007ba800000, 0x00000007ba800000| Complete 
|1493|0x00000007baa00000, 0x00000007bac00000, 0x00000007bac00000|100%| E|CS|TAMS 0x00000007baa00000, 0x00000007baa00000| Complete 
|1494|0x00000007bac00000, 0x00000007bae00000, 0x00000007bae00000|100%| E|CS|TAMS 0x00000007bac00000, 0x00000007bac00000| Complete 
|1495|0x00000007bae00000, 0x00000007bb000000, 0x00000007bb000000|100%| E|CS|TAMS 0x00000007bae00000, 0x00000007bae00000| Complete 
|1496|0x00000007bb000000, 0x00000007bb200000, 0x00000007bb200000|100%| E|CS|TAMS 0x00000007bb000000, 0x00000007bb000000| Complete 
|1497|0x00000007bb200000, 0x00000007bb400000, 0x00000007bb400000|100%| E|CS|TAMS 0x00000007bb200000, 0x00000007bb200000| Complete 
|1498|0x00000007bb400000, 0x00000007bb600000, 0x00000007bb600000|100%| E|CS|TAMS 0x00000007bb400000, 0x00000007bb400000| Complete 
|1499|0x00000007bb600000, 0x00000007bb800000, 0x00000007bb800000|100%| E|CS|TAMS 0x00000007bb600000, 0x00000007bb600000| Complete 
|1500|0x00000007bb800000, 0x00000007bba00000, 0x00000007bba00000|100%| E|CS|TAMS 0x00000007bb800000, 0x00000007bb800000| Complete 
|1501|0x00000007bba00000, 0x00000007bbc00000, 0x00000007bbc00000|100%| E|CS|TAMS 0x00000007bba00000, 0x00000007bba00000| Complete 
|1502|0x00000007bbc00000, 0x00000007bbe00000, 0x00000007bbe00000|100%| E|CS|TAMS 0x00000007bbc00000, 0x00000007bbc00000| Complete 
|1503|0x00000007bbe00000, 0x00000007bc000000, 0x00000007bc000000|100%| E|CS|TAMS 0x00000007bbe00000, 0x00000007bbe00000| Complete 
|1504|0x00000007bc000000, 0x00000007bc200000, 0x00000007bc200000|100%| E|CS|TAMS 0x00000007bc000000, 0x00000007bc000000| Complete 
|1505|0x00000007bc200000, 0x00000007bc400000, 0x00000007bc400000|100%| E|CS|TAMS 0x00000007bc200000, 0x00000007bc200000| Complete 
|1506|0x00000007bc400000, 0x00000007bc600000, 0x00000007bc600000|100%| E|CS|TAMS 0x00000007bc400000, 0x00000007bc400000| Complete 
|1507|0x00000007bc600000, 0x00000007bc800000, 0x00000007bc800000|100%| E|CS|TAMS 0x00000007bc600000, 0x00000007bc600000| Complete 
|1508|0x00000007bc800000, 0x00000007bca00000, 0x00000007bca00000|100%| E|CS|TAMS 0x00000007bc800000, 0x00000007bc800000| Complete 
|1509|0x00000007bca00000, 0x00000007bcc00000, 0x00000007bcc00000|100%| E|CS|TAMS 0x00000007bca00000, 0x00000007bca00000| Complete 
|1510|0x00000007bcc00000, 0x00000007bce00000, 0x00000007bce00000|100%| E|CS|TAMS 0x00000007bcc00000, 0x00000007bcc00000| Complete 
|1511|0x00000007bce00000, 0x00000007bd000000, 0x00000007bd000000|100%| E|CS|TAMS 0x00000007bce00000, 0x00000007bce00000| Complete 
|1512|0x00000007bd000000, 0x00000007bd200000, 0x00000007bd200000|100%| E|CS|TAMS 0x00000007bd000000, 0x00000007bd000000| Complete 
|1513|0x00000007bd200000, 0x00000007bd400000, 0x00000007bd400000|100%| E|CS|TAMS 0x00000007bd200000, 0x00000007bd200000| Complete 
|1514|0x00000007bd400000, 0x00000007bd600000, 0x00000007bd600000|100%| E|CS|TAMS 0x00000007bd400000, 0x00000007bd400000| Complete 
|1515|0x00000007bd600000, 0x00000007bd800000, 0x00000007bd800000|100%| E|CS|TAMS 0x00000007bd600000, 0x00000007bd600000| Complete 
|1516|0x00000007bd800000, 0x00000007bda00000, 0x00000007bda00000|100%| E|CS|TAMS 0x00000007bd800000, 0x00000007bd800000| Complete 
|1517|0x00000007bda00000, 0x00000007bdc00000, 0x00000007bdc00000|100%| E|CS|TAMS 0x00000007bda00000, 0x00000007bda00000| Complete 
|1518|0x00000007bdc00000, 0x00000007bde00000, 0x00000007bde00000|100%| E|CS|TAMS 0x00000007bdc00000, 0x00000007bdc00000| Complete 
|1519|0x00000007bde00000, 0x00000007be000000, 0x00000007be000000|100%| E|CS|TAMS 0x00000007bde00000, 0x00000007bde00000| Complete 
|1520|0x00000007be000000, 0x00000007be200000, 0x00000007be200000|100%| E|CS|TAMS 0x00000007be000000, 0x00000007be000000| Complete 
|1521|0x00000007be200000, 0x00000007be400000, 0x00000007be400000|100%| E|CS|TAMS 0x00000007be200000, 0x00000007be200000| Complete 
|1522|0x00000007be400000, 0x00000007be600000, 0x00000007be600000|100%| E|CS|TAMS 0x00000007be400000, 0x00000007be400000| Complete 
|1523|0x00000007be600000, 0x00000007be800000, 0x00000007be800000|100%| E|CS|TAMS 0x00000007be600000, 0x00000007be600000| Complete 
|1524|0x00000007be800000, 0x00000007bea00000, 0x00000007bea00000|100%| E|CS|TAMS 0x00000007be800000, 0x00000007be800000| Complete 
|1525|0x00000007bea00000, 0x00000007bec00000, 0x00000007bec00000|100%| E|CS|TAMS 0x00000007bea00000, 0x00000007bea00000| Complete 
|1526|0x00000007bec00000, 0x00000007bee00000, 0x00000007bee00000|100%| E|CS|TAMS 0x00000007bec00000, 0x00000007bec00000| Complete 
|1527|0x00000007bee00000, 0x00000007bf000000, 0x00000007bf000000|100%| E|CS|TAMS 0x00000007bee00000, 0x00000007bee00000| Complete 
|1528|0x00000007bf000000, 0x00000007bf200000, 0x00000007bf200000|100%| E|CS|TAMS 0x00000007bf000000, 0x00000007bf000000| Complete 
|1529|0x00000007bf200000, 0x00000007bf400000, 0x00000007bf400000|100%| E|CS|TAMS 0x00000007bf200000, 0x00000007bf200000| Complete 
|1530|0x00000007bf400000, 0x00000007bf600000, 0x00000007bf600000|100%| E|CS|TAMS 0x00000007bf400000, 0x00000007bf400000| Complete 
|1531|0x00000007bf600000, 0x00000007bf800000, 0x00000007bf800000|100%| E|CS|TAMS 0x00000007bf600000, 0x00000007bf600000| Complete 
|1532|0x00000007bf800000, 0x00000007bfa00000, 0x00000007bfa00000|100%| E|CS|TAMS 0x00000007bf800000, 0x00000007bf800000| Complete 
|1533|0x00000007bfa00000, 0x00000007bfc00000, 0x00000007bfc00000|100%| E|CS|TAMS 0x00000007bfa00000, 0x00000007bfa00000| Complete 
|1534|0x00000007bfc00000, 0x00000007bfe00000, 0x00000007bfe00000|100%| E|CS|TAMS 0x00000007bfc00000, 0x00000007bfc00000| Complete 
|1535|0x00000007bfe00000, 0x00000007c0000000, 0x00000007c0000000|100%| E|CS|TAMS 0x00000007bfe00000, 0x00000007bfe00000| Complete 
|1536|0x00000007c0000000, 0x00000007c0200000, 0x00000007c0200000|100%| E|CS|TAMS 0x00000007c0000000, 0x00000007c0000000| Complete 
|1537|0x00000007c0200000, 0x00000007c0400000, 0x00000007c0400000|100%| E|CS|TAMS 0x00000007c0200000, 0x00000007c0200000| Complete 
|1538|0x00000007c0400000, 0x00000007c0600000, 0x00000007c0600000|100%| E|CS|TAMS 0x00000007c0400000, 0x00000007c0400000| Complete 
|1539|0x00000007c0600000, 0x00000007c0800000, 0x00000007c0800000|100%| E|CS|TAMS 0x00000007c0600000, 0x00000007c0600000| Complete 
|1540|0x00000007c0800000, 0x00000007c0a00000, 0x00000007c0a00000|100%| E|CS|TAMS 0x00000007c0800000, 0x00000007c0800000| Complete 
|1541|0x00000007c0a00000, 0x00000007c0c00000, 0x00000007c0c00000|100%| E|CS|TAMS 0x00000007c0a00000, 0x00000007c0a00000| Complete 
|1542|0x00000007c0c00000, 0x00000007c0e00000, 0x00000007c0e00000|100%| E|CS|TAMS 0x00000007c0c00000, 0x00000007c0c00000| Complete 
|1543|0x00000007c0e00000, 0x00000007c1000000, 0x00000007c1000000|100%| E|CS|TAMS 0x00000007c0e00000, 0x00000007c0e00000| Complete 
|1544|0x00000007c1000000, 0x00000007c1200000, 0x00000007c1200000|100%| E|CS|TAMS 0x00000007c1000000, 0x00000007c1000000| Complete 
|1545|0x00000007c1200000, 0x00000007c1400000, 0x00000007c1400000|100%| E|CS|TAMS 0x00000007c1200000, 0x00000007c1200000| Complete 
|1546|0x00000007c1400000, 0x00000007c1600000, 0x00000007c1600000|100%| E|CS|TAMS 0x00000007c1400000, 0x00000007c1400000| Complete 
|1547|0x00000007c1600000, 0x00000007c1800000, 0x00000007c1800000|100%| E|CS|TAMS 0x00000007c1600000, 0x00000007c1600000| Complete 
|1548|0x00000007c1800000, 0x00000007c1a00000, 0x00000007c1a00000|100%| E|CS|TAMS 0x00000007c1800000, 0x00000007c1800000| Complete 
|1549|0x00000007c1a00000, 0x00000007c1c00000, 0x00000007c1c00000|100%| E|CS|TAMS 0x00000007c1a00000, 0x00000007c1a00000| Complete 
|1550|0x00000007c1c00000, 0x00000007c1e00000, 0x00000007c1e00000|100%| E|CS|TAMS 0x00000007c1c00000, 0x00000007c1c00000| Complete 
|1551|0x00000007c1e00000, 0x00000007c2000000, 0x00000007c2000000|100%| E|CS|TAMS 0x00000007c1e00000, 0x00000007c1e00000| Complete 
|1552|0x00000007c2000000, 0x00000007c2200000, 0x00000007c2200000|100%| E|CS|TAMS 0x00000007c2000000, 0x00000007c2000000| Complete 
|1553|0x00000007c2200000, 0x00000007c2400000, 0x00000007c2400000|100%| E|CS|TAMS 0x00000007c2200000, 0x00000007c2200000| Complete 
|1554|0x00000007c2400000, 0x00000007c2600000, 0x00000007c2600000|100%| E|CS|TAMS 0x00000007c2400000, 0x00000007c2400000| Complete 
|1555|0x00000007c2600000, 0x00000007c2800000, 0x00000007c2800000|100%| E|CS|TAMS 0x00000007c2600000, 0x00000007c2600000| Complete 
|1556|0x00000007c2800000, 0x00000007c2a00000, 0x00000007c2a00000|100%| E|CS|TAMS 0x00000007c2800000, 0x00000007c2800000| Complete 
|1557|0x00000007c2a00000, 0x00000007c2c00000, 0x00000007c2c00000|100%| E|CS|TAMS 0x00000007c2a00000, 0x00000007c2a00000| Complete 
|1558|0x00000007c2c00000, 0x00000007c2e00000, 0x00000007c2e00000|100%| E|CS|TAMS 0x00000007c2c00000, 0x00000007c2c00000| Complete 
|1559|0x00000007c2e00000, 0x00000007c3000000, 0x00000007c3000000|100%| E|CS|TAMS 0x00000007c2e00000, 0x00000007c2e00000| Complete 
|1560|0x00000007c3000000, 0x00000007c3200000, 0x00000007c3200000|100%| E|CS|TAMS 0x00000007c3000000, 0x00000007c3000000| Complete 
|1561|0x00000007c3200000, 0x00000007c3400000, 0x00000007c3400000|100%| E|CS|TAMS 0x00000007c3200000, 0x00000007c3200000| Complete 
|1562|0x00000007c3400000, 0x00000007c3600000, 0x00000007c3600000|100%| E|CS|TAMS 0x00000007c3400000, 0x00000007c3400000| Complete 
|1563|0x00000007c3600000, 0x00000007c3800000, 0x00000007c3800000|100%| E|CS|TAMS 0x00000007c3600000, 0x00000007c3600000| Complete 
|1564|0x00000007c3800000, 0x00000007c3a00000, 0x00000007c3a00000|100%| E|CS|TAMS 0x00000007c3800000, 0x00000007c3800000| Complete 
|1565|0x00000007c3a00000, 0x00000007c3c00000, 0x00000007c3c00000|100%| E|CS|TAMS 0x00000007c3a00000, 0x00000007c3a00000| Complete 
|1566|0x00000007c3c00000, 0x00000007c3e00000, 0x00000007c3e00000|100%| E|CS|TAMS 0x00000007c3c00000, 0x00000007c3c00000| Complete 
|1567|0x00000007c3e00000, 0x00000007c4000000, 0x00000007c4000000|100%| E|CS|TAMS 0x00000007c3e00000, 0x00000007c3e00000| Complete 
|1568|0x00000007c4000000, 0x00000007c4200000, 0x00000007c4200000|100%| E|CS|TAMS 0x00000007c4000000, 0x00000007c4000000| Complete 
|1569|0x00000007c4200000, 0x00000007c4400000, 0x00000007c4400000|100%| E|CS|TAMS 0x00000007c4200000, 0x00000007c4200000| Complete 
|1570|0x00000007c4400000, 0x00000007c4600000, 0x00000007c4600000|100%| E|CS|TAMS 0x00000007c4400000, 0x00000007c4400000| Complete 
|1571|0x00000007c4600000, 0x00000007c4800000, 0x00000007c4800000|100%| E|CS|TAMS 0x00000007c4600000, 0x00000007c4600000| Complete 
|1572|0x00000007c4800000, 0x00000007c4a00000, 0x00000007c4a00000|100%| E|CS|TAMS 0x00000007c4800000, 0x00000007c4800000| Complete 
|1573|0x00000007c4a00000, 0x00000007c4c00000, 0x00000007c4c00000|100%| E|CS|TAMS 0x00000007c4a00000, 0x00000007c4a00000| Complete 
|1574|0x00000007c4c00000, 0x00000007c4e00000, 0x00000007c4e00000|100%| E|CS|TAMS 0x00000007c4c00000, 0x00000007c4c00000| Complete 
|1575|0x00000007c4e00000, 0x00000007c5000000, 0x00000007c5000000|100%| E|CS|TAMS 0x00000007c4e00000, 0x00000007c4e00000| Complete 
|1576|0x00000007c5000000, 0x00000007c5200000, 0x00000007c5200000|100%| E|CS|TAMS 0x00000007c5000000, 0x00000007c5000000| Complete 
|1577|0x00000007c5200000, 0x00000007c5400000, 0x00000007c5400000|100%| E|CS|TAMS 0x00000007c5200000, 0x00000007c5200000| Complete 
|1578|0x00000007c5400000, 0x00000007c5600000, 0x00000007c5600000|100%| E|CS|TAMS 0x00000007c5400000, 0x00000007c5400000| Complete 
|1579|0x00000007c5600000, 0x00000007c5800000, 0x00000007c5800000|100%| E|CS|TAMS 0x00000007c5600000, 0x00000007c5600000| Complete 
|1580|0x00000007c5800000, 0x00000007c5a00000, 0x00000007c5a00000|100%| E|CS|TAMS 0x00000007c5800000, 0x00000007c5800000| Complete 
|1581|0x00000007c5a00000, 0x00000007c5c00000, 0x00000007c5c00000|100%| E|CS|TAMS 0x00000007c5a00000, 0x00000007c5a00000| Complete 
|1582|0x00000007c5c00000, 0x00000007c5e00000, 0x00000007c5e00000|100%| E|CS|TAMS 0x00000007c5c00000, 0x00000007c5c00000| Complete 
|1583|0x00000007c5e00000, 0x00000007c6000000, 0x00000007c6000000|100%| E|CS|TAMS 0x00000007c5e00000, 0x00000007c5e00000| Complete 
|1584|0x00000007c6000000, 0x00000007c6200000, 0x00000007c6200000|100%| E|CS|TAMS 0x00000007c6000000, 0x00000007c6000000| Complete 
|1585|0x00000007c6200000, 0x00000007c6400000, 0x00000007c6400000|100%| E|CS|TAMS 0x00000007c6200000, 0x00000007c6200000| Complete 
|1586|0x00000007c6400000, 0x00000007c6600000, 0x00000007c6600000|100%| E|CS|TAMS 0x00000007c6400000, 0x00000007c6400000| Complete 
|1587|0x00000007c6600000, 0x00000007c6800000, 0x00000007c6800000|100%| E|CS|TAMS 0x00000007c6600000, 0x00000007c6600000| Complete 
|1588|0x00000007c6800000, 0x00000007c6a00000, 0x00000007c6a00000|100%| E|CS|TAMS 0x00000007c6800000, 0x00000007c6800000| Complete 
|1589|0x00000007c6a00000, 0x00000007c6c00000, 0x00000007c6c00000|100%| E|CS|TAMS 0x00000007c6a00000, 0x00000007c6a00000| Complete 
|1590|0x00000007c6c00000, 0x00000007c6e00000, 0x00000007c6e00000|100%| E|CS|TAMS 0x00000007c6c00000, 0x00000007c6c00000| Complete 
|1591|0x00000007c6e00000, 0x00000007c7000000, 0x00000007c7000000|100%| E|CS|TAMS 0x00000007c6e00000, 0x00000007c6e00000| Complete 
|1592|0x00000007c7000000, 0x00000007c7200000, 0x00000007c7200000|100%| E|CS|TAMS 0x00000007c7000000, 0x00000007c7000000| Complete 
|1593|0x00000007c7200000, 0x00000007c7400000, 0x00000007c7400000|100%| E|CS|TAMS 0x00000007c7200000, 0x00000007c7200000| Complete 
|1594|0x00000007c7400000, 0x00000007c7600000, 0x00000007c7600000|100%| E|CS|TAMS 0x00000007c7400000, 0x00000007c7400000| Complete 
|1595|0x00000007c7600000, 0x00000007c7800000, 0x00000007c7800000|100%| E|CS|TAMS 0x00000007c7600000, 0x00000007c7600000| Complete 
|1596|0x00000007c7800000, 0x00000007c7a00000, 0x00000007c7a00000|100%| E|CS|TAMS 0x00000007c7800000, 0x00000007c7800000| Complete 
|1597|0x00000007c7a00000, 0x00000007c7c00000, 0x00000007c7c00000|100%| E|CS|TAMS 0x00000007c7a00000, 0x00000007c7a00000| Complete 
|1598|0x00000007c7c00000, 0x00000007c7e00000, 0x00000007c7e00000|100%| E|CS|TAMS 0x00000007c7c00000, 0x00000007c7c00000| Complete 
|1599|0x00000007c7e00000, 0x00000007c8000000, 0x00000007c8000000|100%| E|CS|TAMS 0x00000007c7e00000, 0x00000007c7e00000| Complete 
|1600|0x00000007c8000000, 0x00000007c8200000, 0x00000007c8200000|100%| E|CS|TAMS 0x00000007c8000000, 0x00000007c8000000| Complete 
|1601|0x00000007c8200000, 0x00000007c8400000, 0x00000007c8400000|100%| E|CS|TAMS 0x00000007c8200000, 0x00000007c8200000| Complete 
|1602|0x00000007c8400000, 0x00000007c8600000, 0x00000007c8600000|100%| E|CS|TAMS 0x00000007c8400000, 0x00000007c8400000| Complete 
|1603|0x00000007c8600000, 0x00000007c8800000, 0x00000007c8800000|100%| E|CS|TAMS 0x00000007c8600000, 0x00000007c8600000| Complete 
|1604|0x00000007c8800000, 0x00000007c8a00000, 0x00000007c8a00000|100%| E|CS|TAMS 0x00000007c8800000, 0x00000007c8800000| Complete 
|1605|0x00000007c8a00000, 0x00000007c8c00000, 0x00000007c8c00000|100%| E|CS|TAMS 0x00000007c8a00000, 0x00000007c8a00000| Complete 
|1606|0x00000007c8c00000, 0x00000007c8e00000, 0x00000007c8e00000|100%| E|CS|TAMS 0x00000007c8c00000, 0x00000007c8c00000| Complete 
|1607|0x00000007c8e00000, 0x00000007c9000000, 0x00000007c9000000|100%| E|CS|TAMS 0x00000007c8e00000, 0x00000007c8e00000| Complete 
|1608|0x00000007c9000000, 0x00000007c9200000, 0x00000007c9200000|100%| E|CS|TAMS 0x00000007c9000000, 0x00000007c9000000| Complete 
|1609|0x00000007c9200000, 0x00000007c9400000, 0x00000007c9400000|100%| E|CS|TAMS 0x00000007c9200000, 0x00000007c9200000| Complete 
|1610|0x00000007c9400000, 0x00000007c9600000, 0x00000007c9600000|100%| E|CS|TAMS 0x00000007c9400000, 0x00000007c9400000| Complete 
|1611|0x00000007c9600000, 0x00000007c9800000, 0x00000007c9800000|100%| E|CS|TAMS 0x00000007c9600000, 0x00000007c9600000| Complete 
|1612|0x00000007c9800000, 0x00000007c9a00000, 0x00000007c9a00000|100%| E|CS|TAMS 0x00000007c9800000, 0x00000007c9800000| Complete 
|1613|0x00000007c9a00000, 0x00000007c9c00000, 0x00000007c9c00000|100%| E|CS|TAMS 0x00000007c9a00000, 0x00000007c9a00000| Complete 
|1614|0x00000007c9c00000, 0x00000007c9e00000, 0x00000007c9e00000|100%| E|CS|TAMS 0x00000007c9c00000, 0x00000007c9c00000| Complete 
|1615|0x00000007c9e00000, 0x00000007ca000000, 0x00000007ca000000|100%| E|  |TAMS 0x00000007c9e00000, 0x00000007c9e00000| Complete 
|1616|0x00000007ca000000, 0x00000007ca200000, 0x00000007ca200000|100%| E|CS|TAMS 0x00000007ca000000, 0x00000007ca000000| Complete 
|1617|0x00000007ca200000, 0x00000007ca400000, 0x00000007ca400000|100%| E|CS|TAMS 0x00000007ca200000, 0x00000007ca200000| Complete 
|1618|0x00000007ca400000, 0x00000007ca600000, 0x00000007ca600000|100%| E|CS|TAMS 0x00000007ca400000, 0x00000007ca400000| Complete 
|1619|0x00000007ca600000, 0x00000007ca800000, 0x00000007ca800000|100%| E|CS|TAMS 0x00000007ca600000, 0x00000007ca600000| Complete 
|1620|0x00000007ca800000, 0x00000007caa00000, 0x00000007caa00000|100%| E|CS|TAMS 0x00000007ca800000, 0x00000007ca800000| Complete 
|1621|0x00000007caa00000, 0x00000007cac00000, 0x00000007cac00000|100%| E|CS|TAMS 0x00000007caa00000, 0x00000007caa00000| Complete 
|1622|0x00000007cac00000, 0x00000007cae00000, 0x00000007cae00000|100%| E|CS|TAMS 0x00000007cac00000, 0x00000007cac00000| Complete 
|1623|0x00000007cae00000, 0x00000007cb000000, 0x00000007cb000000|100%| E|CS|TAMS 0x00000007cae00000, 0x00000007cae00000| Complete 
|1624|0x00000007cb000000, 0x00000007cb200000, 0x00000007cb200000|100%| E|CS|TAMS 0x00000007cb000000, 0x00000007cb000000| Complete 
|1625|0x00000007cb200000, 0x00000007cb400000, 0x00000007cb400000|100%| E|CS|TAMS 0x00000007cb200000, 0x00000007cb200000| Complete 
|1626|0x00000007cb400000, 0x00000007cb600000, 0x00000007cb600000|100%| E|CS|TAMS 0x00000007cb400000, 0x00000007cb400000| Complete 
|1627|0x00000007cb600000, 0x00000007cb800000, 0x00000007cb800000|100%| E|CS|TAMS 0x00000007cb600000, 0x00000007cb600000| Complete 
|1628|0x00000007cb800000, 0x00000007cba00000, 0x00000007cba00000|100%| E|CS|TAMS 0x00000007cb800000, 0x00000007cb800000| Complete 
|1629|0x00000007cba00000, 0x00000007cbc00000, 0x00000007cbc00000|100%| E|CS|TAMS 0x00000007cba00000, 0x00000007cba00000| Complete 
|1630|0x00000007cbc00000, 0x00000007cbe00000, 0x00000007cbe00000|100%| E|CS|TAMS 0x00000007cbc00000, 0x00000007cbc00000| Complete 
|1631|0x00000007cbe00000, 0x00000007cc000000, 0x00000007cc000000|100%| E|CS|TAMS 0x00000007cbe00000, 0x00000007cbe00000| Complete 
|1632|0x00000007cc000000, 0x00000007cc1b95c0, 0x00000007cc200000| 86%| S|CS|TAMS 0x00000007cc000000, 0x00000007cc000000| Complete 
|1633|0x00000007cc200000, 0x00000007cc400000, 0x00000007cc400000|100%| S|CS|TAMS 0x00000007cc200000, 0x00000007cc200000| Complete 
|1634|0x00000007cc400000, 0x00000007cc600000, 0x00000007cc600000|100%| S|CS|TAMS 0x00000007cc400000, 0x00000007cc400000| Complete 
|1635|0x00000007cc600000, 0x00000007cc800000, 0x00000007cc800000|100%| S|CS|TAMS 0x00000007cc600000, 0x00000007cc600000| Complete 
|1636|0x00000007cc800000, 0x00000007cca00000, 0x00000007cca00000|100%| S|CS|TAMS 0x00000007cc800000, 0x00000007cc800000| Complete 
|1637|0x00000007cca00000, 0x00000007ccc00000, 0x00000007ccc00000|100%| S|CS|TAMS 0x00000007cca00000, 0x00000007cca00000| Complete 
|1638|0x00000007ccc00000, 0x00000007cce00000, 0x00000007cce00000|100%| S|CS|TAMS 0x00000007ccc00000, 0x00000007ccc00000| Complete 
|1639|0x00000007cce00000, 0x00000007cd000000, 0x00000007cd000000|100%| S|CS|TAMS 0x00000007cce00000, 0x00000007cce00000| Complete 
|1640|0x00000007cd000000, 0x00000007cd200000, 0x00000007cd200000|100%| S|CS|TAMS 0x00000007cd000000, 0x00000007cd000000| Complete 
|1641|0x00000007cd200000, 0x00000007cd400000, 0x00000007cd400000|100%| E|CS|TAMS 0x00000007cd200000, 0x00000007cd200000| Complete 
|1642|0x00000007cd400000, 0x00000007cd600000, 0x00000007cd600000|100%| E|CS|TAMS 0x00000007cd400000, 0x00000007cd400000| Complete 
|1643|0x00000007cd600000, 0x00000007cd800000, 0x00000007cd800000|100%| E|CS|TAMS 0x00000007cd600000, 0x00000007cd600000| Complete 
|1644|0x00000007cd800000, 0x00000007cda00000, 0x00000007cda00000|100%| E|CS|TAMS 0x00000007cd800000, 0x00000007cd800000| Complete 
|1645|0x00000007cda00000, 0x00000007cdc00000, 0x00000007cdc00000|100%| E|CS|TAMS 0x00000007cda00000, 0x00000007cda00000| Complete 
|1646|0x00000007cdc00000, 0x00000007cde00000, 0x00000007cde00000|100%| E|CS|TAMS 0x00000007cdc00000, 0x00000007cdc00000| Complete 
|1647|0x00000007cde00000, 0x00000007ce000000, 0x00000007ce000000|100%| E|CS|TAMS 0x00000007cde00000, 0x00000007cde00000| Complete 
|1648|0x00000007ce000000, 0x00000007ce200000, 0x00000007ce200000|100%| E|CS|TAMS 0x00000007ce000000, 0x00000007ce000000| Complete 

Card table byte_map: [0x000002193c7a0000,0x000002193cfa0000] _byte_map_base: 0x0000021938fa0000

Marking Bits (Prev, Next): (CMBitMap*) 0x0000021924c1e380, (CMBitMap*) 0x0000021924c1e3c0
 Prev Bits: [0x000002193d7a0000, 0x00000219417a0000)
 Next Bits: [0x00000219417a0000, 0x00000219457a0000)

Polling page: 0x00000219227e0000

Metaspace:

Usage:
  Non-class:    202.72 MB used.
      Class:     29.57 MB used.
       Both:    232.29 MB used.

Virtual space:
  Non-class space:      256.00 MB reserved,     205.00 MB ( 80%) committed,  4 nodes.
      Class space:      832.00 MB reserved,      31.50 MB (  4%) committed,  1 nodes.
             Both:        1.06 GB reserved,     236.50 MB ( 22%) committed. 

Chunk freelists:
   Non-Class:  18.91 MB
       Class:  16.41 MB
        Both:  35.31 MB

MaxMetaspaceSize: 1.00 GB
CompressedClassSpaceSize: 832.00 MB
Initial GC threshold: 21.00 MB
Current GC threshold: 393.44 MB
CDS: on
MetaspaceReclaimPolicy: balanced
 - commit_granule_bytes: 65536.
 - commit_granule_words: 8192.
 - virtual_space_node_default_size: 8388608.
 - enlarge_chunks_in_place: 1.
 - new_chunks_are_fully_committed: 0.
 - uncommit_free_chunks: 1.
 - use_allocation_guard: 0.
 - handle_deallocations: 1.


Internal statistics:

num_allocs_failed_limit: 18.
num_arena_births: 6630.
num_arena_deaths: 776.
num_vsnodes_births: 5.
num_vsnodes_deaths: 0.
num_space_committed: 3998.
num_space_uncommitted: 218.
num_chunks_returned_to_freelist: 1961.
num_chunks_taken_from_freelist: 20024.
num_chunk_merges: 642.
num_chunk_splits: 12061.
num_chunks_enlarged: 6779.
num_inconsistent_stats: 0.

CodeHeap 'non-profiled nmethods': size=119168Kb used=44769Kb max_used=48215Kb free=74398Kb
 bounds [0x00000219342c0000, 0x0000021937210000, 0x000002193b720000]
CodeHeap 'profiled nmethods': size=119104Kb used=86135Kb max_used=93216Kb free=32968Kb
 bounds [0x000002192c720000, 0x0000021932230000, 0x0000021933b70000]
CodeHeap 'non-nmethods': size=7488Kb used=2632Kb max_used=4332Kb free=4855Kb
 bounds [0x0000021933b70000, 0x0000021933fb0000, 0x00000219342c0000]
 total_blobs=43839 nmethods=42636 adapters=1113
 compilation: enabled
              stopped_count=0, restarted_count=0
 full_count=0

Compilation events (20 events):
Event: 3406.528 Thread 0x00000219487b0320 nmethod 62314 0x0000021931aa2c90 code [0x0000021931aa3000, 0x0000021931aa3d58]
Event: 3406.528 Thread 0x00000219487b0320 62316       2       java.lang.ClassLoader::getPackage (36 bytes)
Event: 3406.528 Thread 0x00000219487b0320 nmethod 62316 0x0000021930ecbe10 code [0x0000021930ecbfe0, 0x0000021930ecc1a8]
Event: 3406.529 Thread 0x00000219487b0320 62317       2       com.android.tools.lint.detector.api.Issue$Companion::create (66 bytes)
Event: 3406.530 Thread 0x00000219487b0320 nmethod 62317 0x000002192de15390 code [0x000002192de15700, 0x000002192de16348]
Event: 3406.547 Thread 0x00000219487b0320 62318   !   2       com.intellij.util.lang.JdkZipResourceFile::getZipFile (143 bytes)
Event: 3406.549 Thread 0x00000219487b0320 nmethod 62318 0x000002193109b410 code [0x000002193109b640, 0x000002193109bdd8]
Event: 3406.550 Thread 0x00000219487b0320 62319   !   2       java.lang.ClassLoader::addClass (27 bytes)
Event: 3406.550 Thread 0x00000219487b0320 nmethod 62319 0x0000021930df5d90 code [0x0000021930df5f40, 0x0000021930df6148]
Event: 3406.581 Thread 0x00000219487b0320 62320   !   2       com.intellij.util.lang.UrlClassLoader::findClass (144 bytes)
Event: 3406.583 Thread 0x00000219487b0320 nmethod 62320 0x000002192f191a10 code [0x000002192f191ca0, 0x000002192f1923b8]
Event: 3406.583 Thread 0x00000219487b0320 62321   !   2       com.intellij.util.lang.UrlClassLoader::definePackageIfNeeded (48 bytes)
Event: 3406.583 Thread 0x00000219487b0320 nmethod 62321 0x000002192e951490 code [0x000002192e951680, 0x000002192e9519a8]
Event: 3406.583 Thread 0x00000219487b0320 62322       2       com.intellij.util.lang.UrlClassLoader::isPackageDefined (14 bytes)
Event: 3406.584 Thread 0x00000219487b0320 nmethod 62322 0x0000021930f65a10 code [0x0000021930f65bc0, 0x0000021930f65ce8]
Event: 3406.584 Thread 0x00000219487b0320 62323   !   2       com.intellij.util.lang.JdkZipResourceFile::findClass (152 bytes)
Event: 3406.584 Thread 0x00000219487b0320 nmethod 62323 0x000002192c94a690 code [0x000002192c94a8e0, 0x000002192c94ad88]
Event: 3406.601 Thread 0x00000219487b0320 62324       2       com.intellij.util.lang.ClasspathCache::getClassLoadersByPackageNameHash (14 bytes)
Event: 3406.601 Thread 0x00000219487b0320 nmethod 62324 0x0000021931758990 code [0x0000021931758b40, 0x0000021931758cc8]
Event: 3408.416 Thread 0x00000219487b0320 62326       3       java.util.concurrent.ThreadPoolExecutor::ensurePrestart (41 bytes)

GC Heap History (20 events):
Event: 2972.110 GC heap before
{Heap before GC invocations=184 (full 0):
 garbage-first heap   total 2830336K, used 1091005K [0x0000000700000000, 0x0000000800000000)
  region size 2048K, 81 young (165888K), 23 survivors (47104K)
 Metaspace       used 199197K, committed 203712K, reserved 1048576K
  class space    used 24957K, committed 26944K, reserved 851968K
}
Event: 2972.126 GC heap after
{Heap after GC invocations=185 (full 0):
 garbage-first heap   total 2830336K, used 899390K [0x0000000700000000, 0x0000000800000000)
  region size 2048K, 13 young (26624K), 13 survivors (26624K)
 Metaspace       used 199197K, committed 203712K, reserved 1048576K
  class space    used 24957K, committed 26944K, reserved 851968K
}
Event: 3375.725 GC heap before
{Heap before GC invocations=186 (full 0):
 garbage-first heap   total 2830336K, used 2447678K [0x0000000700000000, 0x0000000800000000)
  region size 2048K, 696 young (1425408K), 13 survivors (26624K)
 Metaspace       used 219621K, committed 224064K, reserved 1048576K
  class space    used 27817K, committed 29824K, reserved 851968K
}
Event: 3377.264 GC heap after
{Heap after GC invocations=187 (full 0):
 garbage-first heap   total 2830336K, used 975557K [0x0000000700000000, 0x0000000800000000)
  region size 2048K, 42 young (86016K), 42 survivors (86016K)
 Metaspace       used 219621K, committed 224064K, reserved 1048576K
  class space    used 27817K, committed 29824K, reserved 851968K
}
Event: 3378.193 GC heap before
{Heap before GC invocations=187 (full 0):
 garbage-first heap   total 2830336K, used 1030853K [0x0000000700000000, 0x0000000800000000)
  region size 2048K, 69 young (141312K), 42 survivors (86016K)
 Metaspace       used 219796K, committed 224320K, reserved 1048576K
  class space    used 27825K, committed 29888K, reserved 851968K
}
Event: 3378.452 GC heap after
{Heap after GC invocations=188 (full 0):
 garbage-first heap   total 2830336K, used 958990K [0x0000000700000000, 0x0000000800000000)
  region size 2048K, 8 young (16384K), 8 survivors (16384K)
 Metaspace       used 219796K, committed 224320K, reserved 1048576K
  class space    used 27825K, committed 29888K, reserved 851968K
}
Event: 3379.038 GC heap before
{Heap before GC invocations=188 (full 0):
 garbage-first heap   total 2830336K, used 1081870K [0x0000000700000000, 0x0000000800000000)
  region size 2048K, 69 young (141312K), 8 survivors (16384K)
 Metaspace       used 219878K, committed 224384K, reserved 1048576K
  class space    used 27834K, committed 29888K, reserved 851968K
}
Event: 3379.179 GC heap after
{Heap after GC invocations=189 (full 0):
 garbage-first heap   total 2830336K, used 963335K [0x0000000700000000, 0x0000000800000000)
  region size 2048K, 9 young (18432K), 9 survivors (18432K)
 Metaspace       used 219878K, committed 224384K, reserved 1048576K
  class space    used 27834K, committed 29888K, reserved 851968K
}
Event: 3379.298 GC heap before
{Heap before GC invocations=189 (full 0):
 garbage-first heap   total 2830336K, used 1084167K [0x0000000700000000, 0x0000000800000000)
  region size 2048K, 69 young (141312K), 9 survivors (18432K)
 Metaspace       used 220563K, committed 225088K, reserved 1048576K
  class space    used 27882K, committed 29952K, reserved 851968K
}
Event: 3379.603 GC heap after
{Heap after GC invocations=190 (full 0):
 garbage-first heap   total 2830336K, used 975368K [0x0000000700000000, 0x0000000800000000)
  region size 2048K, 9 young (18432K), 9 survivors (18432K)
 Metaspace       used 220563K, committed 225088K, reserved 1048576K
  class space    used 27882K, committed 29952K, reserved 851968K
}
Event: 3379.925 GC heap before
{Heap before GC invocations=190 (full 0):
 garbage-first heap   total 2830336K, used 1096200K [0x0000000700000000, 0x0000000800000000)
  region size 2048K, 69 young (141312K), 9 survivors (18432K)
 Metaspace       used 220591K, committed 225152K, reserved 1048576K
  class space    used 27882K, committed 29952K, reserved 851968K
}
Event: 3380.073 GC heap after
{Heap after GC invocations=191 (full 0):
 garbage-first heap   total 2830336K, used 991767K [0x0000000700000000, 0x0000000800000000)
  region size 2048K, 9 young (18432K), 9 survivors (18432K)
 Metaspace       used 220591K, committed 225152K, reserved 1048576K
  class space    used 27882K, committed 29952K, reserved 851968K
}
Event: 3380.340 GC heap before
{Heap before GC invocations=191 (full 0):
 garbage-first heap   total 2830336K, used 1112599K [0x0000000700000000, 0x0000000800000000)
  region size 2048K, 69 young (141312K), 9 survivors (18432K)
 Metaspace       used 220605K, committed 225152K, reserved 1048576K
  class space    used 27882K, committed 29952K, reserved 851968K
}
Event: 3380.621 GC heap after
{Heap after GC invocations=192 (full 0):
 garbage-first heap   total 3377152K, used 1009045K [0x0000000700000000, 0x0000000800000000)
  region size 2048K, 9 young (18432K), 9 survivors (18432K)
 Metaspace       used 220605K, committed 225152K, reserved 1048576K
  class space    used 27882K, committed 29952K, reserved 851968K
}
Event: 3382.997 GC heap before
{Heap before GC invocations=192 (full 0):
 garbage-first heap   total 3377152K, used 1156501K [0x0000000700000000, 0x0000000800000000)
  region size 2048K, 82 young (167936K), 9 survivors (18432K)
 Metaspace       used 227295K, committed 231808K, reserved 1114112K
  class space    used 28649K, committed 30720K, reserved 851968K
}
Event: 3383.119 GC heap after
{Heap after GC invocations=193 (full 0):
 garbage-first heap   total 3377152K, used 1036253K [0x0000000700000000, 0x0000000800000000)
  region size 2048K, 11 young (22528K), 11 survivors (22528K)
 Metaspace       used 227295K, committed 231808K, reserved 1114112K
  class space    used 28649K, committed 30720K, reserved 851968K
}
Event: 3384.098 GC heap before
{Heap before GC invocations=193 (full 0):
 garbage-first heap   total 3377152K, used 1204189K [0x0000000700000000, 0x0000000800000000)
  region size 2048K, 82 young (167936K), 11 survivors (22528K)
 Metaspace       used 232508K, committed 237312K, reserved 1114112K
  class space    used 29234K, committed 31424K, reserved 851968K
}
Event: 3384.150 GC heap after
{Heap after GC invocations=194 (full 0):
 garbage-first heap   total 3377152K, used 1058431K [0x0000000700000000, 0x0000000800000000)
  region size 2048K, 8 young (16384K), 8 survivors (16384K)
 Metaspace       used 232508K, committed 237312K, reserved 1114112K
  class space    used 29234K, committed 31424K, reserved 851968K
}
Event: 3385.095 GC heap before
{Heap before GC invocations=194 (full 0):
 garbage-first heap   total 3377152K, used 1074815K [0x0000000700000000, 0x0000000800000000)
  region size 2048K, 16 young (32768K), 8 survivors (16384K)
 Metaspace       used 232838K, committed 237632K, reserved 1114112K
  class space    used 29288K, committed 31424K, reserved 851968K
}
Event: 3385.115 GC heap after
{Heap after GC invocations=195 (full 0):
 garbage-first heap   total 3377152K, used 1060430K [0x0000000700000000, 0x0000000800000000)
  region size 2048K, 9 young (18432K), 9 survivors (18432K)
 Metaspace       used 232838K, committed 237632K, reserved 1114112K
  class space    used 29288K, committed 31424K, reserved 851968K
}

Dll operation events (17 events):
Event: 0.009 Loaded shared library C:\Program Files\Eclipse Adoptium\jdk-17.0.17.10-hotspot\bin\java.dll
Event: 0.022 Loaded shared library C:\Program Files\Eclipse Adoptium\jdk-17.0.17.10-hotspot\bin\jsvml.dll
Event: 0.060 Loaded shared library C:\Program Files\Eclipse Adoptium\jdk-17.0.17.10-hotspot\bin\zip.dll
Event: 0.063 Loaded shared library C:\Program Files\Eclipse Adoptium\jdk-17.0.17.10-hotspot\bin\instrument.dll
Event: 0.066 Loaded shared library C:\Program Files\Eclipse Adoptium\jdk-17.0.17.10-hotspot\bin\net.dll
Event: 0.067 Loaded shared library C:\Program Files\Eclipse Adoptium\jdk-17.0.17.10-hotspot\bin\nio.dll
Event: 0.069 Loaded shared library C:\Program Files\Eclipse Adoptium\jdk-17.0.17.10-hotspot\bin\zip.dll
Event: 0.240 Loaded shared library C:\Program Files\Eclipse Adoptium\jdk-17.0.17.10-hotspot\bin\jimage.dll
Event: 0.345 Loaded shared library C:\Program Files\Eclipse Adoptium\jdk-17.0.17.10-hotspot\bin\verify.dll
Event: 0.476 Loaded shared library C:\Users\anand\.gradle\native\c067742578af261105cb4f569cf0c3c89f3d7b1fecec35dd04571415982c5e48\windows-amd64\native-platform.dll
Event: 0.488 Loaded shared library C:\Users\anand\.gradle\native\100fb08df4bc3b14c8652ba06237920a3bd2aa13389f12d3474272988ae205f9\windows-amd64\native-platform-file-events.dll
Event: 1.381 Loaded shared library C:\Program Files\Eclipse Adoptium\jdk-17.0.17.10-hotspot\bin\management.dll
Event: 1.382 Loaded shared library C:\Program Files\Eclipse Adoptium\jdk-17.0.17.10-hotspot\bin\management_ext.dll
Event: 1.570 Loaded shared library C:\Program Files\Eclipse Adoptium\jdk-17.0.17.10-hotspot\bin\extnet.dll
Event: 1.825 Loaded shared library C:\Program Files\Eclipse Adoptium\jdk-17.0.17.10-hotspot\bin\sunmscapi.dll
Event: 2881.618 Loaded shared library C:\Users\anand\AppData\Local\Temp\native-platform3952363225102305483dir\native-platform.dll
Event: 2882.194 Loaded shared library C:\Program Files\Eclipse Adoptium\jdk-17.0.17.10-hotspot\bin\rmi.dll

Deoptimization events (20 events):
Event: 3393.023 Thread 0x0000021912e29c60 Uncommon trap: trap_request=0xffffffde fr.pc=0x0000021936edfea0 relative=0x0000000000000080
Event: 3393.023 Thread 0x0000021912e29c60 Uncommon trap: reason=class_check action=maybe_recompile pc=0x0000021936edfea0 method=kotlin.collections.ReversedList.getSize()I @ 4 c2
Event: 3393.023 Thread 0x0000021912e29c60 DEOPT PACKING pc=0x0000021936edfea0 sp=0x0000003bd70fa8f0
Event: 3393.023 Thread 0x0000021912e29c60 DEOPT UNPACKING pc=0x0000021933bc69a3 sp=0x0000003bd70fa820 mode 2
Event: 3393.028 Thread 0x0000021912e29c60 Uncommon trap: trap_request=0xffffffde fr.pc=0x0000021936edfb88 relative=0x0000000000000068
Event: 3393.028 Thread 0x0000021912e29c60 Uncommon trap: reason=class_check action=maybe_recompile pc=0x0000021936edfb88 method=kotlin.collections.ReversedList.getSize()I @ 4 c2
Event: 3393.028 Thread 0x0000021912e29c60 DEOPT PACKING pc=0x0000021936edfb88 sp=0x0000003bd70fa990
Event: 3393.028 Thread 0x0000021912e29c60 DEOPT UNPACKING pc=0x0000021933bc69a3 sp=0x0000003bd70fa920 mode 2
Event: 3398.545 Thread 0x0000021912e29c60 Uncommon trap: trap_request=0xffffffde fr.pc=0x00000219347435d8 relative=0x00000000000035b8
Event: 3398.545 Thread 0x0000021912e29c60 Uncommon trap: reason=class_check action=maybe_recompile pc=0x00000219347435d8 method=com.intellij.psi.stubs.StubBase.<init>(Lcom/intellij/psi/stubs/StubElement;Lcom/intellij/psi/stubs/IStubElementType;)V @ 50 c2
Event: 3398.545 Thread 0x0000021912e29c60 DEOPT PACKING pc=0x00000219347435d8 sp=0x0000003bd70f7cc0
Event: 3398.545 Thread 0x0000021912e29c60 DEOPT UNPACKING pc=0x0000021933bc69a3 sp=0x0000003bd70f7d30 mode 2
Event: 3401.561 Thread 0x0000021912e29c60 Uncommon trap: trap_request=0xffffff45 fr.pc=0x00000219371d975c relative=0x000000000000387c
Event: 3401.561 Thread 0x0000021912e29c60 Uncommon trap: reason=unstable_if action=reinterpret pc=0x00000219371d975c method=com.intellij.psi.stubs.StubList$TempState.ensureCapacityForNextChild(III)I @ 4 c2
Event: 3401.562 Thread 0x0000021912e29c60 DEOPT PACKING pc=0x00000219371d975c sp=0x0000003bd70f8070
Event: 3401.562 Thread 0x0000021912e29c60 DEOPT UNPACKING pc=0x0000021933bc69a3 sp=0x0000003bd70f8010 mode 2
Event: 3401.562 Thread 0x0000021912e29c60 Uncommon trap: trap_request=0xffffff45 fr.pc=0x000002193714b7cc relative=0x000000000000208c
Event: 3401.562 Thread 0x0000021912e29c60 Uncommon trap: reason=unstable_if action=reinterpret pc=0x000002193714b7cc method=com.intellij.psi.stubs.StubList$TempState.ensureCapacityForNextChild(III)I @ 4 c2
Event: 3401.562 Thread 0x0000021912e29c60 DEOPT PACKING pc=0x000002193714b7cc sp=0x0000003bd70f7f70
Event: 3401.562 Thread 0x0000021912e29c60 DEOPT UNPACKING pc=0x0000021933bc69a3 sp=0x0000003bd70f7f80 mode 2

Classes loaded (20 events):
Event: 3374.896 Loading class sun/nio/cs/MS1251
Event: 3374.897 Loading class sun/nio/cs/MS1251 done
Event: 3374.952 Loading class java/beans/PropertyChangeSupport
Event: 3374.955 Loading class java/beans/PropertyChangeSupport done
Event: 3374.955 Loading class java/beans/PropertyChangeSupport$PropertyChangeListenerMap
Event: 3374.956 Loading class java/beans/ChangeListenerMap
Event: 3374.956 Loading class java/beans/ChangeListenerMap done
Event: 3374.956 Loading class java/beans/PropertyChangeSupport$PropertyChangeListenerMap done
Event: 3383.440 Loading class java/util/jar/JarInputStream
Event: 3383.442 Loading class java/util/jar/JarInputStream done
Event: 3383.451 Loading class java/io/PushbackInputStream
Event: 3383.451 Loading class java/io/PushbackInputStream done
Event: 3385.238 Loading class java/util/jar/JarOutputStream
Event: 3385.238 Loading class java/util/zip/ZipOutputStream
Event: 3385.239 Loading class java/util/zip/ZipOutputStream done
Event: 3385.239 Loading class java/util/jar/JarOutputStream done
Event: 3385.259 Loading class java/util/zip/ZipOutputStream$XEntry
Event: 3385.259 Loading class java/util/zip/ZipOutputStream$XEntry done
Event: 3388.256 Loading class java/util/Vector$Itr
Event: 3388.257 Loading class java/util/Vector$Itr done

Classes unloaded (20 events):
Event: 3390.507 Thread 0x0000021947bbdb90 Unloading class 0x000002194b7d6b98 'jdk/internal/jimage/BasicImageReader$1'
Event: 3390.507 Thread 0x0000021947bbdb90 Unloading class 0x000002194b7d6930 'jdk/internal/jimage/ImageReader$Resource'
Event: 3390.507 Thread 0x0000021947bbdb90 Unloading class 0x000002194b7d66c8 'jdk/internal/jimage/ImageReader$LinkNode'
Event: 3390.507 Thread 0x0000021947bbdb90 Unloading class 0x000002194b7d6460 'jdk/internal/jimage/ImageReader$Directory'
Event: 3390.507 Thread 0x0000021947bbdb90 Unloading class 0x000002194b7d61f8 'jdk/internal/jimage/ImageReader$Node'
Event: 3390.507 Thread 0x0000021947bbdb90 Unloading class 0x000002194b7d6000 'jdk/internal/jimage/ImageStrings'
Event: 3390.507 Thread 0x0000021947bbdb90 Unloading class 0x000002194b7d5b50 'jdk/internal/jimage/ImageReader$SharedImageReader'
Event: 3390.507 Thread 0x0000021947bbdb90 Unloading class 0x000002194b7d5890 'jdk/internal/jimage/BasicImageReader'
Event: 3390.507 Thread 0x0000021947bbdb90 Unloading class 0x000002194b7d5670 'jdk/internal/jimage/ImageReader'
Event: 3390.507 Thread 0x0000021947bbdb90 Unloading class 0x000002194b7d5448 'jdk/internal/jrtfs/SystemImage$2'
Event: 3390.507 Thread 0x0000021947bbdb90 Unloading class 0x000002194b7d5230 'jdk/internal/jrtfs/SystemImage$$Lambda$3458+0x000002194b7d5230'
Event: 3390.507 Thread 0x0000021947bbdb90 Unloading class 0x000002194b7d5000 'jdk/internal/jrtfs/ExplodedImage'
Event: 3390.507 Thread 0x0000021947bbdb90 Unloading class 0x000002194b7d4dc8 'jdk/internal/jrtfs/SystemImage$1'
Event: 3390.507 Thread 0x0000021947bbdb90 Unloading class 0x000002194b7d4bb0 'jdk/internal/jrtfs/SystemImage'
Event: 3390.507 Thread 0x0000021947bbdb90 Unloading class 0x000002194b7d4950 'jdk/internal/jrtfs/JrtFileStore'
Event: 3390.507 Thread 0x0000021947bbdb90 Unloading class 0x000002194b7d45d8 'jdk/internal/jrtfs/JrtPath'
Event: 3390.507 Thread 0x0000021947bbdb90 Unloading class 0x000002194b7d42e0 'jdk/internal/jrtfs/JrtFileSystem'
Event: 3390.507 Thread 0x0000021947bbdb90 Unloading class 0x000002194b7d4000 'jdk/internal/jrtfs/JrtFileSystemProvider'
Event: 3390.508 Thread 0x0000021947bbdb90 Unloading class 0x000002194b469000 'jdk/internal/reflect/GeneratedSerializationConstructorAccessor155'
Event: 3390.508 Thread 0x0000021947bbdb90 Unloading class 0x000002194b448800 'jdk/internal/reflect/GeneratedSerializationConstructorAccessor137'

Classes redefined (0 events):
No events

Internal exceptions (20 events):
Event: 3381.000 Thread 0x0000021906b2c690 Exception <a 'sun/nio/fs/WindowsException'{0x00000007c9b702a8}> (0x00000007c9b702a8) 
thrown [s\src\hotspot\share\prims\jni.cpp, line 516]
Event: 3381.000 Thread 0x0000021912e29c60 Exception <a 'sun/nio/fs/WindowsException'{0x00000007c9846d70}> (0x00000007c9846d70) 
thrown [s\src\hotspot\share\prims\jni.cpp, line 516]
Event: 3381.000 Thread 0x0000021912e29c60 Exception <a 'sun/nio/fs/WindowsException'{0x00000007c98478c8}> (0x00000007c98478c8) 
thrown [s\src\hotspot\share\prims\jni.cpp, line 516]
Event: 3381.000 Thread 0x0000021912e29c60 Exception <a 'sun/nio/fs/WindowsException'{0x00000007c9848508}> (0x00000007c9848508) 
thrown [s\src\hotspot\share\prims\jni.cpp, line 516]
Event: 3381.000 Thread 0x0000021912e29c60 Exception <a 'sun/nio/fs/WindowsException'{0x00000007c9849218}> (0x00000007c9849218) 
thrown [s\src\hotspot\share\prims\jni.cpp, line 516]
Event: 3381.315 Thread 0x0000021906b2c690 Implicit null exception at 0x0000021934520dbc to 0x00000219345213bc
Event: 3381.316 Thread 0x000002190789cb00 Implicit null exception at 0x0000021934760c50 to 0x0000021934760d70
Event: 3381.316 Thread 0x0000021912e29c60 Implicit null exception at 0x0000021934760c50 to 0x0000021934760d70
Event: 3381.316 Thread 0x0000021914c0d080 Implicit null exception at 0x0000021934760c50 to 0x0000021934760d70
Event: 3381.316 Thread 0x0000021906b2c690 Implicit null exception at 0x0000021934760c50 to 0x0000021934760d70
Event: 3381.316 Thread 0x0000021912500a20 Implicit null exception at 0x0000021934760c50 to 0x0000021934760d70
Event: 3381.316 Thread 0x0000021914c0ad10 Implicit null exception at 0x0000021934760c50 to 0x0000021934760d70
Event: 3383.219 Thread 0x0000021906b2c690 Implicit null exception at 0x00000219360dc920 to 0x00000219360de948
Event: 3383.379 Thread 0x0000021914c0ad10 Exception <a 'java/lang/NoSuchMethodError'{0x00000007cc7d2940}: 'java.lang.Object java.lang.invoke.DirectMethodHandle$Holder.invokeStaticInit(java.lang.Object, long)'> (0x00000007cc7d2940) 
thrown [s\src\hotspot\share\interpreter\linkResolver.cpp, line 759]
Event: 3383.405 Thread 0x0000021912500a20 Implicit null exception at 0x0000021934a6a382 to 0x0000021934a6b374
Event: 3383.405 Thread 0x0000021914c0d080 Implicit null exception at 0x0000021934a6a382 to 0x0000021934a6b374
Event: 3383.405 Thread 0x0000021914c0ad10 Implicit null exception at 0x0000021934a6a382 to 0x0000021934a6b374
Event: 3383.405 Thread 0x000002190789cb00 Implicit null exception at 0x0000021934a6a382 to 0x0000021934a6b374
Event: 3389.564 Thread 0x0000021912e29c60 Implicit null exception at 0x000002193499905f to 0x00000219349992f8
Event: 3392.036 Thread 0x0000021912e29c60 Exception <a 'java/lang/NoSuchMethodError'{0x00000007a70b0658}: 'java.lang.Object java.lang.invoke.DirectMethodHandle$Holder.invokeStatic(java.lang.Object, java.lang.Object, java.lang.Object, java.lang.Object, int, java.lang.Object, java.lang.Object)'> (0x00000007a70b0658) 
thrown [s\src\hotspot\share\interpreter\linkResolver.cpp, line 759]

VM Operations (20 events):
Event: 3401.593 Executing VM operation: Cleanup
Event: 3401.600 Executing VM operation: Cleanup done
Event: 3402.639 Executing VM operation: HandshakeAllThreads
Event: 3402.644 Executing VM operation: HandshakeAllThreads done
Event: 3402.644 Executing VM operation: Cleanup
Event: 3402.644 Executing VM operation: Cleanup done
Event: 3402.644 Executing VM operation: HandshakeAllThreads
Event: 3402.645 Executing VM operation: HandshakeAllThreads done
Event: 3402.795 Executing VM operation: HandshakeAllThreads
Event: 3402.796 Executing VM operation: HandshakeAllThreads done
Event: 3403.345 Executing VM operation: HandshakeAllThreads
Event: 3403.346 Executing VM operation: HandshakeAllThreads done
Event: 3404.109 Executing VM operation: ICBufferFull
Event: 3404.111 Executing VM operation: ICBufferFull done
Event: 3406.111 Executing VM operation: Cleanup
Event: 3406.111 Executing VM operation: Cleanup done
Event: 3407.111 Executing VM operation: Cleanup
Event: 3407.111 Executing VM operation: Cleanup done
Event: 3408.111 Executing VM operation: Cleanup
Event: 3408.111 Executing VM operation: Cleanup done

Memory protections (0 events):
No events

Nmethod flushes (20 events):
Event: 3405.246 Thread 0x00000219487b0c30 flushing  nmethod 0x0000021930ebad10
Event: 3405.250 Thread 0x00000219487b0c30 flushing  nmethod 0x0000021931314690
Event: 3405.250 Thread 0x00000219487b0c30 flushing  nmethod 0x00000219313b9c10
Event: 3405.250 Thread 0x00000219487b0c30 flushing  nmethod 0x0000021931439d10
Event: 3405.251 Thread 0x00000219487b0c30 flushing  nmethod 0x00000219314c7d90
Event: 3405.251 Thread 0x00000219487b0c30 flushing  nmethod 0x00000219314cc090
Event: 3405.252 Thread 0x00000219487b0c30 flushing osr nmethod 0x00000219316bd390
Event: 3405.252 Thread 0x00000219487b0c30 flushing osr nmethod 0x00000219316c4490
Event: 3405.252 Thread 0x00000219487b0c30 flushing  nmethod 0x00000219316f8690
Event: 3405.253 Thread 0x00000219487b0c30 flushing osr nmethod 0x00000219317a7890
Event: 3405.253 Thread 0x00000219487b0c30 flushing  nmethod 0x00000219317afe10
Event: 3405.253 Thread 0x00000219487b0c30 flushing  nmethod 0x00000219317ba710
Event: 3405.253 Thread 0x00000219487b0c30 flushing  nmethod 0x00000219317f4c90
Event: 3405.254 Thread 0x00000219487b0c30 flushing  nmethod 0x0000021931986f10
Event: 3405.254 Thread 0x00000219487b0c30 flushing  nmethod 0x000002193199bc90
Event: 3405.255 Thread 0x00000219487b0c30 flushing  nmethod 0x00000219319dc910
Event: 3405.255 Thread 0x00000219487b0c30 flushing  nmethod 0x0000021931a4e610
Event: 3405.255 Thread 0x00000219487b0c30 flushing  nmethod 0x0000021931b2d790
Event: 3405.256 Thread 0x00000219487b0c30 flushing  nmethod 0x0000021931b82c90
Event: 3405.258 Thread 0x00000219487b0c30 flushing  nmethod 0x0000021932152e10

Events (20 events):
Event: 3358.908 Thread 0x00000219138bdc20 Thread added: 0x0000021912e29750
Event: 3364.090 Thread 0x00000219487aa450 Thread added: 0x000002191628c590
Event: 3364.192 Thread 0x00000219487b0320 Thread added: 0x0000021916291540
Event: 3365.411 Thread 0x000002191628c590 Thread exited: 0x000002191628c590
Event: 3366.647 Thread 0x0000021916291540 Thread exited: 0x0000021916291540
Event: 3366.666 Thread 0x00000219487b0320 Thread added: 0x000002191628c590
Event: 3366.982 Thread 0x000002191628c590 Thread exited: 0x000002191628c590
Event: 3373.081 Thread 0x00000219487b0320 Thread added: 0x0000021913d63020
Event: 3373.081 Thread 0x00000219487b0320 Thread added: 0x0000021913d64560
Event: 3374.800 Thread 0x00000219487aa450 Thread added: 0x0000021913d60af0
Event: 3377.301 Thread 0x0000021913d64560 Thread exited: 0x0000021913d64560
Event: 3377.620 Thread 0x0000021912fe1070 Thread exited: 0x0000021912fe1070
Event: 3377.620 Thread 0x000002190f8ae3d0 Thread exited: 0x000002190f8ae3d0
Event: 3377.620 Thread 0x0000021912501e60 Thread exited: 0x0000021912501e60
Event: 3378.642 Thread 0x0000021913d63020 Thread exited: 0x0000021913d63020
Event: 3385.381 Thread 0x00000219487b0320 Thread added: 0x0000021905e65150
Event: 3386.694 Thread 0x0000021914c0daa0 Thread exited: 0x0000021914c0daa0
Event: 3391.298 Thread 0x0000021905e65150 Thread exited: 0x0000021905e65150
Event: 3398.970 Thread 0x000002198d4a9940 Thread exited: 0x000002198d4a9940
Event: 3401.572 Thread 0x0000021913d60af0 Thread exited: 0x0000021913d60af0


Dynamic libraries:
0x00007ff637d80000 - 0x00007ff637d8e000 	C:\Program Files\Eclipse Adoptium\jdk-17.0.17.10-hotspot\bin\java.exe
0x00007ffd32de0000 - 0x00007ffd33047000 	C:\WINDOWS\SYSTEM32\ntdll.dll
0x00007ffd31bf0000 - 0x00007ffd31cb9000 	C:\WINDOWS\System32\KERNEL32.DLL
0x00007ffd2f810000 - 0x00007ffd2fc01000 	C:\WINDOWS\System32\KERNELBASE.dll
0x00007ffd2f6c0000 - 0x00007ffd2f80b000 	C:\WINDOWS\System32\ucrtbase.dll
0x00007ffd10c30000 - 0x00007ffd10c48000 	C:\Program Files\Eclipse Adoptium\jdk-17.0.17.10-hotspot\bin\jli.dll
0x00007ffd2ab30000 - 0x00007ffd2ab4e000 	C:\Program Files\Eclipse Adoptium\jdk-17.0.17.10-hotspot\bin\VCRUNTIME140.dll
0x00007ffd329f0000 - 0x00007ffd32bb5000 	C:\WINDOWS\System32\USER32.dll
0x00007ffd12810000 - 0x00007ffd12aa3000 	C:\WINDOWS\WinSxS\amd64_microsoft.windows.common-controls_6595b64144ccf1df_6.0.26100.8037_none_3e092faae333b53b\COMCTL32.dll
0x00007ffd2fcd0000 - 0x00007ffd2fcf7000 	C:\WINDOWS\System32\win32u.dll
0x00007ffd310e0000 - 0x00007ffd31189000 	C:\WINDOWS\System32\msvcrt.dll
0x00007ffd311a0000 - 0x00007ffd311cb000 	C:\WINDOWS\System32\GDI32.dll
0x00007ffd307a0000 - 0x00007ffd308cb000 	C:\WINDOWS\System32\gdi32full.dll
0x00007ffd306f0000 - 0x00007ffd30793000 	C:\WINDOWS\System32\msvcp_win.dll
0x00007ffd329b0000 - 0x00007ffd329e1000 	C:\WINDOWS\System32\IMM32.DLL
0x00007ffd2ab20000 - 0x00007ffd2ab2c000 	C:\Program Files\Eclipse Adoptium\jdk-17.0.17.10-hotspot\bin\vcruntime140_1.dll
0x00007ffcdfdb0000 - 0x00007ffcdfe3d000 	C:\Program Files\Eclipse Adoptium\jdk-17.0.17.10-hotspot\bin\msvcp140.dll
0x00007ffc76b30000 - 0x00007ffc7779b000 	C:\Program Files\Eclipse Adoptium\jdk-17.0.17.10-hotspot\bin\server\jvm.dll
0x00007ffd326d0000 - 0x00007ffd3278b000 	C:\WINDOWS\System32\ADVAPI32.dll
0x00007ffd32bc0000 - 0x00007ffd32c67000 	C:\WINDOWS\System32\sechost.dll
0x00007ffd30b80000 - 0x00007ffd30c98000 	C:\WINDOWS\System32\RPCRT4.dll
0x00007ffd32050000 - 0x00007ffd320c4000 	C:\WINDOWS\System32\WS2_32.dll
0x00007ffd2f370000 - 0x00007ffd2f3ce000 	C:\WINDOWS\SYSTEM32\POWRPROF.dll
0x00007ffd20ab0000 - 0x00007ffd20ae5000 	C:\WINDOWS\SYSTEM32\WINMM.dll
0x00007ffd28de0000 - 0x00007ffd28deb000 	C:\WINDOWS\SYSTEM32\VERSION.dll
0x00007ffd2f350000 - 0x00007ffd2f364000 	C:\WINDOWS\SYSTEM32\UMPDC.dll
0x00007ffd2e450000 - 0x00007ffd2e46b000 	C:\WINDOWS\SYSTEM32\kernel.appcore.dll
0x00007ffd18d40000 - 0x00007ffd18d4a000 	C:\Program Files\Eclipse Adoptium\jdk-17.0.17.10-hotspot\bin\jimage.dll
0x00007ffd2d120000 - 0x00007ffd2d362000 	C:\WINDOWS\SYSTEM32\DBGHELP.DLL
0x00007ffd31cc0000 - 0x00007ffd32042000 	C:\WINDOWS\System32\combase.dll
0x00007ffd31b00000 - 0x00007ffd31bd7000 	C:\WINDOWS\System32\OLEAUT32.dll
0x00007ffcff8d0000 - 0x00007ffcff90b000 	C:\WINDOWS\SYSTEM32\dbgcore.DLL
0x00007ffd308d0000 - 0x00007ffd30975000 	C:\WINDOWS\System32\bcryptPrimitives.dll
0x00007ffd0d130000 - 0x00007ffd0d13e000 	C:\Program Files\Eclipse Adoptium\jdk-17.0.17.10-hotspot\bin\instrument.dll
0x00007ffd0d1d0000 - 0x00007ffd0d1f5000 	C:\Program Files\Eclipse Adoptium\jdk-17.0.17.10-hotspot\bin\java.dll
0x00007ffcc0d40000 - 0x00007ffcc0e17000 	C:\Program Files\Eclipse Adoptium\jdk-17.0.17.10-hotspot\bin\jsvml.dll
0x00007ffd311d0000 - 0x00007ffd3192f000 	C:\WINDOWS\System32\SHELL32.dll
0x00007ffd30980000 - 0x00007ffd30aea000 	C:\WINDOWS\System32\wintypes.dll
0x00007ffd2fd00000 - 0x00007ffd30564000 	C:\WINDOWS\System32\windows.storage.dll
0x00007ffd32c70000 - 0x00007ffd32d67000 	C:\WINDOWS\System32\SHCORE.dll
0x00007ffd325f0000 - 0x00007ffd32657000 	C:\WINDOWS\System32\shlwapi.dll
0x00007ffd2f5e0000 - 0x00007ffd2f609000 	C:\WINDOWS\SYSTEM32\profapi.dll
0x00007ffd0d190000 - 0x00007ffd0d1a8000 	C:\Program Files\Eclipse Adoptium\jdk-17.0.17.10-hotspot\bin\zip.dll
0x00007ffd0d410000 - 0x00007ffd0d42a000 	C:\Program Files\Eclipse Adoptium\jdk-17.0.17.10-hotspot\bin\net.dll
0x00007ffd288e0000 - 0x00007ffd28a07000 	C:\WINDOWS\SYSTEM32\WINHTTP.dll
0x00007ffd2e9c0000 - 0x00007ffd2ea2b000 	C:\WINDOWS\system32\mswsock.dll
0x00007ffd0d1b0000 - 0x00007ffd0d1c6000 	C:\Program Files\Eclipse Adoptium\jdk-17.0.17.10-hotspot\bin\nio.dll
0x00007ffd186f0000 - 0x00007ffd18700000 	C:\Program Files\Eclipse Adoptium\jdk-17.0.17.10-hotspot\bin\verify.dll
0x00007ffd2aa70000 - 0x00007ffd2aa97000 	C:\Users\anand\.gradle\native\c067742578af261105cb4f569cf0c3c89f3d7b1fecec35dd04571415982c5e48\windows-amd64\native-platform.dll
0x00007ffca9e30000 - 0x00007ffca9f74000 	C:\Users\anand\.gradle\native\100fb08df4bc3b14c8652ba06237920a3bd2aa13389f12d3474272988ae205f9\windows-amd64\native-platform-file-events.dll
0x00007ffd0d160000 - 0x00007ffd0d16a000 	C:\Program Files\Eclipse Adoptium\jdk-17.0.17.10-hotspot\bin\management.dll
0x00007ffd0d150000 - 0x00007ffd0d15c000 	C:\Program Files\Eclipse Adoptium\jdk-17.0.17.10-hotspot\bin\management_ext.dll
0x00007ffd31be0000 - 0x00007ffd31be8000 	C:\WINDOWS\System32\PSAPI.DLL
0x00007ffd2eca0000 - 0x00007ffd2ecbb000 	C:\WINDOWS\SYSTEM32\CRYPTSP.dll
0x00007ffd2e3b0000 - 0x00007ffd2e3e9000 	C:\WINDOWS\system32\rsaenh.dll
0x00007ffd2ea70000 - 0x00007ffd2eaa2000 	C:\WINDOWS\SYSTEM32\USERENV.dll
0x00007ffd2f5b0000 - 0x00007ffd2f5da000 	C:\WINDOWS\SYSTEM32\bcrypt.dll
0x00007ffd2ecc0000 - 0x00007ffd2eccc000 	C:\WINDOWS\SYSTEM32\CRYPTBASE.dll
0x00007ffd2de60000 - 0x00007ffd2de93000 	C:\WINDOWS\SYSTEM32\IPHLPAPI.DLL
0x00007ffd31060000 - 0x00007ffd3106a000 	C:\WINDOWS\System32\NSI.dll
0x00007ffd29430000 - 0x00007ffd2944d000 	C:\WINDOWS\SYSTEM32\dhcpcsvc6.DLL
0x00007ffd29400000 - 0x00007ffd29423000 	C:\WINDOWS\SYSTEM32\dhcpcsvc.DLL
0x00007ffd2def0000 - 0x00007ffd2e01a000 	C:\WINDOWS\SYSTEM32\DNSAPI.dll
0x00007ffd0d180000 - 0x00007ffd0d189000 	C:\Program Files\Eclipse Adoptium\jdk-17.0.17.10-hotspot\bin\extnet.dll
0x00007ffd0d210000 - 0x00007ffd0d21e000 	C:\Program Files\Eclipse Adoptium\jdk-17.0.17.10-hotspot\bin\sunmscapi.dll
0x00007ffd30570000 - 0x00007ffd306e7000 	C:\WINDOWS\System32\CRYPT32.dll
0x00007ffd2ef30000 - 0x00007ffd2ef60000 	C:\WINDOWS\SYSTEM32\ncrypt.dll
0x00007ffd2eee0000 - 0x00007ffd2ef1f000 	C:\WINDOWS\SYSTEM32\NTASN1.dll
0x00007ffcb15b0000 - 0x00007ffcb15b8000 	C:\WINDOWS\system32\wshunix.dll
0x00007ffcc54d0000 - 0x00007ffcc54e8000 	C:\WINDOWS\system32\napinsp.dll
0x00007ffcc2400000 - 0x00007ffcc2412000 	C:\WINDOWS\System32\winrnr.dll
0x00007ffcc23d0000 - 0x00007ffcc23f2000 	C:\WINDOWS\system32\nlansp_c.dll
0x00007ffd27d00000 - 0x00007ffd27d16000 	C:\WINDOWS\system32\wshbth.dll
0x00007ffd284e0000 - 0x00007ffd284eb000 	C:\Windows\System32\rasadhlp.dll
0x00007ffd29b20000 - 0x00007ffd29ba6000 	C:\WINDOWS\System32\fwpuclnt.dll
0x00007ffd2e570000 - 0x00007ffd2e5a6000 	C:\WINDOWS\SYSTEM32\ntmarta.dll
0x00007ffd04ce0000 - 0x00007ffd04cfe000 	C:\Users\anand\AppData\Local\Temp\native-platform3952363225102305483dir\native-platform.dll
0x00007ffd19bc0000 - 0x00007ffd19bc7000 	C:\Program Files\Eclipse Adoptium\jdk-17.0.17.10-hotspot\bin\rmi.dll

dbghelp: loaded successfully - version: 4.0.5 - missing functions: none
symbol engine: initialized successfully - sym options: 0x614 - pdb path: .;C:\Program Files\Eclipse Adoptium\jdk-17.0.17.10-hotspot\bin;C:\WINDOWS\SYSTEM32;C:\WINDOWS\WinSxS\amd64_microsoft.windows.common-controls_6595b64144ccf1df_6.0.26100.8037_none_3e092faae333b53b;C:\Program Files\Eclipse Adoptium\jdk-17.0.17.10-hotspot\bin\server;C:\Users\anand\.gradle\native\c067742578af261105cb4f569cf0c3c89f3d7b1fecec35dd04571415982c5e48\windows-amd64;C:\Users\anand\.gradle\native\100fb08df4bc3b14c8652ba06237920a3bd2aa13389f12d3474272988ae205f9\windows-amd64;C:\Users\anand\AppData\Local\Temp\native-platform3952363225102305483dir

VM Arguments:
jvm_args: -XX:MaxMetaspaceSize=1024m --add-opens=java.base/java.util=ALL-UNNAMED --add-opens=java.base/java.lang=ALL-UNNAMED --add-opens=java.base/java.lang.invoke=ALL-UNNAMED --add-opens=java.prefs/java.util.prefs=ALL-UNNAMED --add-exports=jdk.compiler/com.sun.tools.javac.api=ALL-UNNAMED --add-exports=jdk.compiler/com.sun.tools.javac.util=ALL-UNNAMED --add-opens=java.base/java.nio.charset=ALL-UNNAMED --add-opens=java.base/java.net=ALL-UNNAMED --add-opens=java.base/java.util.concurrent.atomic=ALL-UNNAMED -Xmx4096m -Dfile.encoding=windows-1252 -Duser.country=IN -Duser.language=en -Duser.variant -javaagent:C:\Users\anand\.gradle\wrapper\dists\gradle-8.10.2-all\7iv73wktx1xtkvlq19urqw1wm\gradle-8.10.2\lib\agents\gradle-instrumentation-agent-8.10.2.jar 
java_command: org.gradle.launcher.daemon.bootstrap.GradleDaemon 8.10.2
java_class_path (initial): C:\Users\anand\.gradle\wrapper\dists\gradle-8.10.2-all\7iv73wktx1xtkvlq19urqw1wm\gradle-8.10.2\lib\gradle-daemon-main-8.10.2.jar
Launcher Type: SUN_STANDARD

[Global flags]
     intx CICompilerCount                          = 12                                        {product} {ergonomic}
   size_t CompressedClassSpaceSize                 = 872415232                                 {product} {ergonomic}
     uint ConcGCThreads                            = 3                                         {product} {ergonomic}
     uint G1ConcRefinementThreads                  = 13                                        {product} {ergonomic}
   size_t G1HeapRegionSize                         = 2097152                                   {product} {ergonomic}
    uintx GCDrainStackTargetSize                   = 64                                        {product} {ergonomic}
   size_t InitialHeapSize                          = 232783872                                 {product} {ergonomic}
   size_t MarkStackSize                            = 4194304                                   {product} {ergonomic}
   size_t MaxHeapSize                              = 4294967296                                {product} {command line}
   size_t MaxMetaspaceSize                         = 1073741824                                {product} {command line}
   size_t MaxNewSize                               = 2575302656                                {product} {ergonomic}
   size_t MinHeapDeltaBytes                        = 2097152                                   {product} {ergonomic}
   size_t MinHeapSize                              = 8388608                                   {product} {ergonomic}
    uintx NonNMethodCodeHeapSize                   = 7602480                                {pd product} {ergonomic}
    uintx NonProfiledCodeHeapSize                  = 122027880                              {pd product} {ergonomic}
    uintx ProfiledCodeHeapSize                     = 122027880                              {pd product} {ergonomic}
    uintx ReservedCodeCacheSize                    = 251658240                              {pd product} {ergonomic}
     bool SegmentedCodeCache                       = true                                      {product} {ergonomic}
   size_t SoftMaxHeapSize                          = 4294967296                             {manageable} {ergonomic}
     bool UseCompressedClassPointers               = true                           {product lp64_product} {ergonomic}
     bool UseCompressedOops                        = true                           {product lp64_product} {ergonomic}
     bool UseG1GC                                  = true                                      {product} {ergonomic}
     bool UseLargePagesIndividualAllocation        = false                                  {pd product} {ergonomic}

Logging:
Log output configuration:
 #0: stdout all=warning uptime,level,tags
 #1: stderr all=off uptime,level,tags

Environment Variables:
JAVA_HOME=C:\Program Files\Eclipse Adoptium\jdk-17.0.17.10-hotspot\
CLASSPATH=E:\Doodle\android\\gradle\wrapper\gradle-wrapper.jar
PATH=E:\Module\flutter\bin\cache\dart-sdk\bin\;C:\Program Files\Eclipse Adoptium\jdk-17.0.17.10-hotspot\bin;C:\WINDOWS\system32;C:\WINDOWS;C:\WINDOWS\System32\Wbem;C:\WINDOWS\System32\WindowsPowerShell\v1.0\;C:\WINDOWS\System32\OpenSSH\;C:\Program Files\dotnet\;C:\Program Files\NVIDIA Corporation\NVIDIA App\NvDLISR;C:\Program Files (x86)\NVIDIA Corporation\PhysX\Common;D:\Apps\Git\cmd;C:\Program Files\nodejs\;E:\Module\flutter\bin;E:\AndroidSDK\platform-tools;C:\Users\anand\.cargo\bin;C:\Users\anand\AppData\Local\Microsoft\WindowsApps;D:\Apps\Microsoft VS Code\bin;C:\Users\anand\AppData\Roaming\npm;E:\Antigravity\Antigravity\bin;E:\Module\flutter\bin;c:\Users\anand\.antigravity\extensions\vscjava.vscode-java-debug-0.58.5-universal\bundled\scripts\noConfigScriptsc:\Users\anand\.antigravity\extensions\ms-python.debugpy-2025.18.0-win32-x64\bundled\scripts\noConfigScripts
USERNAME=anand
LANG=en_US.UTF-8
OS=Windows_NT
PROCESSOR_IDENTIFIER=AMD64 Family 25 Model 68 Stepping 1, AuthenticAMD
TMP=C:\Users\anand\AppData\Local\Temp
TEMP=C:\Users\anand\AppData\Local\Temp



Periodic native trim disabled


---------------  S Y S T E M  ---------------

OS:
 Windows 11 , 64 bit Build 26100 (10.0.26100.7920)
OS uptime: 0 days 7:18 hours
Hyper-V role detected

CPU: total 16 (initial active 16) (16 cores per cpu, 2 threads per core) family 25 model 68 stepping 1 microcode 0xa404102, cx8, cmov, fxsr, ht, mmx, 3dnowpref, sse, sse2, sse3, ssse3, sse4a, sse4.1, sse4.2, popcnt, lzcnt, tsc, tscinvbit, avx, avx2, aes, erms, clmul, bmi1, bmi2, adx, sha, fma, vzeroupper, clflush, clflushopt, hv
Processor Information for all 16 processors :
  Max Mhz: 3201, Current Mhz: 3201, Mhz Limit: 3201

Memory: 4k page, system-wide physical 14092M (14M free)
TotalPageFile size 43403M (AvailPageFile size 0M)
current process WorkingSet (physical memory assigned to process): 216M, peak: 3320M
current process commit charge ("private bytes"): 4235M, peak: 4873M

vm_info: OpenJDK 64-Bit Server VM (17.0.17+10) for windows-amd64 JRE (17.0.17+10), built on Oct 21 2025 23:25:32 by "admin" with unknown MS VC++:1942

END.
